{"stats":{"minecraft:custom":{"minecraft:interact_with_furnace":29,"minecraft:mob_kills":27,"minecraft:interact_with_crafting_table":15,"minecraft:open_barrel":2,"minecraft:leave_game":2,"minecraft:time_since_death":95783,"minecraft:sleep_in_bed":1,"minecraft:climb_one_cm":3527,"minecraft:time_since_rest":35039,"minecraft:sprint_one_cm":388464,"minecraft:damage_taken":863,"minecraft:walk_one_cm":236995,"minecraft:damage_blocked_by_shield":60,"minecraft:drop":11,"minecraft:damage_dealt":3007,"minecraft:swim_one_cm":76530,"minecraft:fly_one_cm":465204,"minecraft:open_chest":13,"minecraft:crouch_one_cm":7966,"minecraft:play_time":95783,"minecraft:sneak_time":3542,"minecraft:walk_under_water_one_cm":15078,"minecraft:boat_one_cm":65725,"minecraft:jump":2234,"minecraft:walk_on_water_one_cm":15051,"minecraft:total_world_time":95783,"minecraft:fall_one_cm":48748},"minecraft:picked_up":{"minecraft:crafting_table":7,"minecraft:andesite":5,"minecraft:leather":1,"minecraft:oak_log":22,"minecraft:shield":1,"minecraft:dirt":3,"minecraft:raw_copper":4,"minecraft:white_carpet":4,"minecraft:wheat_seeds":1,"minecraft:beef":5,"minecraft:oak_boat":3,"minecraft:light_gray_wool":1,"minecraft:oak_planks":3,"minecraft:egg":1,"minecraft:furnace":3,"minecraft:stick":1,"minecraft:raw_iron":63,"minecraft:sweet_berries":4,"minecraft:copper_ingot":1,"minecraft:torch":3,"minecraft:gravel":1,"minecraft:porkchop":7,"minecraft:sand":5,"minecraft:spruce_sapling":1,"minecraft:white_bed":1,"minecraft:cauldron":3,"minecraft:pumpkin_seeds":2,"minecraft:stone_shovel":2,"minecraft:rotten_flesh":5,"minecraft:hay_block":11,"minecraft:gray_wool":2,"minecraft:light_gray_carpet":1,"minecraft:coal":44,"minecraft:black_wool":1,"minecraft:mutton":20,"minecraft:white_wool":8,"minecraft:cobblestone":96,"minecraft:ender_pearl":1},"minecraft:killed":{"minecraft:pig":4,"minecraft:spider":1,"minecraft:sheep":12,"minecraft:zombie":5,"minecraft:drowned":1,"minecraft:enderman":1,"minecraft:cow":3},"minecraft:used":{"minecraft:cooked_mutton":3,"minecraft:stone_shovel":11,"minecraft:stone_pickaxe":232,"minecraft:light_gray_carpet":1,"minecraft:ender_pearl":1,"minecraft:shield":1,"minecraft:wooden_pickaxe":3,"minecraft:cooked_salmon":1,"minecraft:iron_chestplate":1,"minecraft:white_wool":2,"minecraft:torch":39,"minecraft:dirt":1,"minecraft:mutton":13,"minecraft:white_carpet":3,"minecraft:crafting_table":7,"minecraft:wooden_axe":32,"minecraft:apple":1,"minecraft:bread":6,"minecraft:iron_helmet":1,"minecraft:iron_boots":1,"minecraft:light_gray_wool":1,"minecraft:stone_axe":70,"minecraft:cobblestone":32,"minecraft:cooked_cod":1,"minecraft:cooked_porkchop":2,"minecraft:furnace":4,"minecraft:porkchop":5,"minecraft:oak_boat":3,"minecraft:egg":1,"minecraft:cooked_beef":4,"minecraft:gray_wool":2,"minecraft:iron_leggings":1},"minecraft:broken":{"minecraft:stone_pickaxe":1},"minecraft:dropped":{"minecraft:wheat_seeds":1,"minecraft:diamond":1,"minecraft:stone_shovel":2,"minecraft:rotten_flesh":2,"minecraft:cobblestone":3,"minecraft:oak_planks":3,"minecraft:copper_ingot":1},"minecraft:mined":{"minecraft:white_bed":1,"minecraft:powder_snow":7,"minecraft:crafting_table":7,"minecraft:torch":3,"minecraft:short_grass":4,"minecraft:grass_block":1,"minecraft:cobblestone":16,"biomesoplenty:yellow_maple_leaf_pile":1,"minecraft:hay_block":11,"minecraft:furnace":3,"minecraft:iron_ore":67,"minecraft:white_carpet":3,"minecraft:andesite":5,"minecraft:oak_log":23,"minecraft:coal_ore":44,"minecraft:water_cauldron":3,"minecraft:sand":6,"minecraft:stone":88,"minecraft:fern":2,"minecraft:oak_leaves":4},"minecraft:crafted":{"minecraft:cooked_beef":4,"minecraft:oak_planks":88,"minecraft:stone_shovel":1,"minecraft:cooked_porkchop":2,"minecraft:crafting_table":1,"minecraft:wooden_pickaxe":1,"minecraft:iron_helmet":1,"minecraft:furnace":1,"minecraft:cooked_salmon":2,"minecraft:stone_axe":1,"minecraft:cooked_mutton":3,"minecraft:air":0,"minecraft:oak_boat":1,"minecraft:iron_boots":1,"minecraft:iron_chestplate":1,"minecraft:stick":20,"minecraft:iron_ingot":45,"minecraft:stone_pickaxe":2,"minecraft:wooden_axe":1,"minecraft:iron_leggings":1,"minecraft:torch":36}},"DataVersion":3700}