{"stats":{"minecraft:broken":{"minecraft:iron_shovel":16,"minecraft:stone_pickaxe":1,"minecraft:diamond_shovel":1,"minecraft:iron_axe":2,"minecraft:iron_pickaxe":11,"minecraft:stone_shovel":1},"minecraft:dropped":{"minecraft:bread":4,"minecraft:wheat_seeds":3,"minecraft:diamond":1,"minecraft:cobblestone":3,"minecraft:iron_helmet":1,"minecraft:copper_ingot":1,"minecraft:stick":1,"minecraft:snowball":8,"minecraft:sand":6,"minecraft:iron_pickaxe":1,"minecraft:cactus":1,"minecraft:white_wool":6,"minecraft:spruce_sapling":3,"minecraft:gravel":1,"minecraft:stone_axe":4,"minecraft:iron_nugget":8,"minecraft:stone_shovel":2,"minecraft:white_carpet":1,"minecraft:rotten_flesh":6,"minecraft:oak_planks":7,"minecraft:iron_boots":1,"minecraft:spider_eye":1,"minecraft:stone_pickaxe":2},"minecraft:custom":{"minecraft:interact_with_smithing_table":1,"minecraft:mob_kills":51,"minecraft:interact_with_crafting_table":53,"minecraft:open_barrel":29,"minecraft:bell_ring":24,"minecraft:leave_game":14,"minecraft:time_since_death":424406,"minecraft:climb_one_cm":9210,"minecraft:sprint_one_cm":1171012,"minecraft:walk_one_cm":1261854,"minecraft:damage_blocked_by_shield":282,"minecraft:drop":50,"minecraft:talked_to_villager":2,"minecraft:play_time":524820,"minecraft:sneak_time":22302,"minecraft:deaths":1,"minecraft:walk_under_water_one_cm":60226,"minecraft:boat_one_cm":1113712,"minecraft:interact_with_brewingstand":1,"minecraft:jump":7921,"minecraft:interact_with_blast_furnace":2,"minecraft:walk_on_water_one_cm":46656,"minecraft:total_world_time":524820,"minecraft:interact_with_furnace":53,"minecraft:play_record":1,"minecraft:interact_with_cartography_table":1,"minecraft:interact_with_stonecutter":5,"minecraft:sleep_in_bed":31,"minecraft:time_since_rest":3971,"minecraft:damage_taken":4660,"minecraft:damage_dealt":8049,"minecraft:swim_one_cm":145263,"minecraft:fly_one_cm":1702196,"minecraft:open_chest":214,"minecraft:crouch_one_cm":71800,"minecraft:interact_with_smoker":3,"minecraft:fall_one_cm":187237},"minecraft:used":{"minecraft:iron_shovel":4373,"minecraft:flint_and_steel":6,"minecraft:stone_shovel":151,"minecraft:light_gray_carpet":1,"minecraft:chest":11,"minecraft:shield":4,"minecraft:cooked_salmon":2,"minecraft:rotten_flesh":1,"minecraft:iron_chestplate":1,"minecraft:torch":119,"minecraft:dirt":2744,"minecraft:mutton":13,"minecraft:white_carpet":3,"minecraft:allium":258,"minecraft:wooden_axe":32,"minecraft:iron_axe":473,"minecraft:iron_helmet":2,"minecraft:iron_boots":1,"minecraft:stone_bricks":46,"minecraft:light_gray_wool":2,"minecraft:beef":1,"minecraft:sweet_berries":6,"minecraft:cooked_cod":1,"minecraft:furnace":4,"minecraft:egg":4,"minecraft:cooked_beef":4,"minecraft:iron_leggings":1,"minecraft:cooked_mutton":10,"minecraft:water_bucket":7,"minecraft:stone_pickaxe":232,"minecraft:oak_planks":6,"minecraft:ender_pearl":1,"minecraft:wooden_pickaxe":3,"biomesoplenty:fir_planks":206,"minecraft:stonecutter":1,"minecraft:white_wool":2,"minecraft:salmon":6,"minecraft:music_disc_cat":1,"minecraft:tnt":2,"minecraft:crafting_table":15,"minecraft:white_bed":6,"minecraft:apple":1,"minecraft:diamond_shovel":1581,"minecraft:bread":86,"minecraft:iron_pickaxe":2867,"minecraft:gravel":6,"minecraft:stone_axe":70,"minecraft:diamond_sword":6,"minecraft:cobblestone":96,"minecraft:porkchop":5,"minecraft:cooked_porkchop":5,"minecraft:bucket":7,"minecraft:oak_boat":15,"biomesoplenty:fir_log":67,"minecraft:gray_wool":2},"minecraft:picked_up":{"minecraft:crafting_table":15,"minecraft:iron_chestplate":3,"minecraft:allium":217,"minecraft:gold_block":1,"minecraft:stripped_cherry_log":1,"minecraft:shield":2,"minecraft:music_disc_cat":1,"minecraft:raw_copper":4,"minecraft:iron_axe":2,"minecraft:cooked_salmon":1,"minecraft:iron_leggings":1,"minecraft:white_carpet":5,"biomesoplenty:fir_planks":40,"minecraft:beef":6,"minecraft:oak_boat":12,"minecraft:light_gray_wool":2,"minecraft:iron_pickaxe":1,"minecraft:spruce_slab":1,"minecraft:furnace":3,"minecraft:phantom_membrane":1,"minecraft:iron_boots":3,"minecraft:egg":4,"minecraft:stick":12,"minecraft:raw_iron":83,"minecraft:copper_ingot":1,"minecraft:torch":48,"minecraft:porkchop":7,"minecraft:cherry_log":20,"minecraft:cauldron":6,"minecraft:dark_oak_planks":5,"minecraft:tnt":1,"minecraft:rotten_flesh":20,"minecraft:arrow":4,"minecraft:stone_shovel":3,"minecraft:hay_block":25,"minecraft:saddle":1,"minecraft:gold_ingot":4,"minecraft:mutton":27,"minecraft:snowball":8,"minecraft:white_wool":14,"minecraft:cobblestone":3344,"minecraft:water_bucket":1,"minecraft:andesite":5,"minecraft:leather":1,"minecraft:potato":11,"biomesoplenty:fir_sapling":6,"biomesoplenty:fir_log":154,"minecraft:flint":4,"minecraft:oak_log":28,"minecraft:lily_pad":13,"minecraft:golden_boots":2,"minecraft:gunpowder":4,"minecraft:dirt":7614,"minecraft:bone":16,"minecraft:apple":4,"minecraft:stone_bricks":2,"minecraft:wheat_seeds":100,"minecraft:rabbit_hide":1,"minecraft:stone_pickaxe":1,"minecraft:iron_ingot":25,"minecraft:rabbit":1,"minecraft:oak_planks":72,"minecraft:dark_oak_slab":1,"minecraft:cooked_porkchop":3,"minecraft:sweet_berries":8,"minecraft:dandelion":1,"minecraft:gravel":39,"minecraft:sand":53,"minecraft:spruce_sapling":3,"minecraft:white_bed":7,"minecraft:spider_eye":2,"minecraft:pumpkin_seeds":2,"minecraft:diamond":4,"minecraft:stone_axe":3,"minecraft:iron_helmet":3,"minecraft:granite":146,"minecraft:cherry_sapling":12,"minecraft:golden_apple":1,"minecraft:gray_wool":2,"minecraft:emerald":4,"minecraft:bread":31,"minecraft:light_gray_carpet":1,"minecraft:black_wool":1,"minecraft:coal":109,"minecraft:ender_pearl":1},"minecraft:killed":{"minecraft:spider":2,"minecraft:skeleton":1,"minecraft:drowned":1,"minecraft:pig":5,"minecraft:zombie_villager":1,"minecraft:creeper":2,"minecraft:sheep":14,"minecraft:zombie":20,"minecraft:enderman":1,"minecraft:cow":4},"minecraft:crafted":{"minecraft:cherry_planks":4,"minecraft:oak_planks":112,"minecraft:stone_shovel":1,"minecraft:furnace":1,"minecraft:stone":147,"minecraft:diamond_shovel":1,"minecraft:cooked_mutton":10,"minecraft:iron_boots":1,"minecraft:iron_axe":2,"minecraft:stone_pickaxe":2,"minecraft:chest":11,"minecraft:wheat":225,"minecraft:cooked_beef":4,"minecraft:diamond_sword":1,"minecraft:cooked_porkchop":2,"minecraft:crafting_table":1,"minecraft:iron_helmet":1,"minecraft:wooden_pickaxe":1,"minecraft:cooked_salmon":2,"minecraft:stone_axe":1,"minecraft:bread":91,"minecraft:air":0,"biomesoplenty:fir_planks":300,"minecraft:tnt":1,"minecraft:oak_boat":4,"minecraft:iron_chestplate":1,"minecraft:stick":100,"minecraft:iron_ingot":102,"minecraft:iron_pickaxe":14,"minecraft:wooden_axe":1,"minecraft:iron_shovel":18,"minecraft:iron_leggings":1,"minecraft:gold_ingot":9,"minecraft:stonecutter":1,"minecraft:torch":108},"minecraft:killed_by":{"minecraft:creeper":1},"minecraft:mined":{"minecraft:dark_oak_planks":5,"minecraft:white_bed":7,"minecraft:cherry_log":20,"minecraft:stripped_cherry_log":1,"minecraft:granite":92,"minecraft:allium":106,"minecraft:grass_block":2968,"biomesoplenty:yellow_maple_leaf_pile":1,"minecraft:hay_block":25,"minecraft:furnace":3,"minecraft:iron_ore":87,"minecraft:fire":3,"minecraft:andesite":5,"minecraft:stripped_spruce_log":1,"minecraft:gold_block":1,"minecraft:water_cauldron":3,"minecraft:dirt_path":3,"minecraft:stone":2734,"minecraft:spruce_slab":1,"minecraft:powder_snow":7,"minecraft:crafting_table":13,"minecraft:torch":11,"minecraft:short_grass":188,"minecraft:emerald_ore":3,"biomesoplenty:fir_planks":44,"minecraft:tall_grass":37,"minecraft:cobblestone":37,"minecraft:oak_planks":6,"minecraft:dark_oak_slab":1,"minecraft:white_carpet":3,"minecraft:tnt":1,"biomesoplenty:fir_log":160,"minecraft:oak_log":29,"minecraft:coal_ore":111,"biomesoplenty:fir_leaves":43,"minecraft:sand":50,"minecraft:cherry_leaves":49,"minecraft:gravel":36,"minecraft:dirt":2958,"minecraft:stone_bricks":2,"minecraft:oak_leaves":8,"minecraft:fern":2}},"DataVersion":3700}