{"stats":{"minecraft:killed":{"minecraft:spider":1,"minecraft:drowned":1,"minecraft:pig":4,"minecraft:sheep":14,"minecraft:zombie":5,"minecraft:enderman":1,"minecraft:cow":4},"minecraft:custom":{"minecraft:mob_kills":30,"minecraft:interact_with_crafting_table":19,"minecraft:open_barrel":26,"minecraft:leave_game":7,"minecraft:time_since_death":55720,"minecraft:climb_one_cm":7128,"minecraft:sprint_one_cm":552981,"minecraft:walk_one_cm":304593,"minecraft:damage_blocked_by_shield":60,"minecraft:drop":28,"minecraft:talked_to_villager":1,"minecraft:play_time":156134,"minecraft:deaths":1,"minecraft:sneak_time":3896,"minecraft:walk_under_water_one_cm":30692,"minecraft:boat_one_cm":602058,"minecraft:jump":3320,"minecraft:walk_on_water_one_cm":32048,"minecraft:total_world_time":156134,"minecraft:interact_with_furnace":29,"minecraft:sleep_in_bed":5,"minecraft:time_since_rest":8841,"minecraft:damage_taken":1629,"minecraft:damage_dealt":3347,"minecraft:swim_one_cm":119284,"minecraft:fly_one_cm":726237,"minecraft:open_chest":33,"minecraft:crouch_one_cm":8717,"minecraft:interact_with_smoker":3,"minecraft:fall_one_cm":76868},"minecraft:dropped":{"minecraft:wheat_seeds":2,"minecraft:diamond":1,"minecraft:cobblestone":3,"minecraft:copper_ingot":1,"minecraft:snowball":8,"minecraft:sand":6,"minecraft:cactus":1,"minecraft:white_wool":6,"minecraft:spruce_sapling":3,"minecraft:gravel":1,"minecraft:stone_axe":4,"minecraft:stone_shovel":2,"minecraft:white_carpet":1,"minecraft:rotten_flesh":2,"minecraft:oak_planks":3,"minecraft:spider_eye":1,"minecraft:stone_pickaxe":2},"minecraft:picked_up":{"minecraft:crafting_table":11,"minecraft:iron_chestplate":3,"minecraft:shield":2,"minecraft:raw_copper":4,"minecraft:iron_axe":2,"minecraft:cooked_salmon":1,"minecraft:iron_leggings":1,"minecraft:white_carpet":5,"minecraft:beef":6,"minecraft:oak_boat":7,"minecraft:spruce_slab":1,"minecraft:iron_pickaxe":1,"minecraft:light_gray_wool":2,"minecraft:egg":1,"minecraft:iron_boots":2,"minecraft:furnace":3,"minecraft:stick":5,"minecraft:raw_iron":63,"minecraft:copper_ingot":1,"minecraft:torch":3,"minecraft:porkchop":7,"minecraft:cauldron":6,"minecraft:dark_oak_planks":5,"minecraft:rotten_flesh":9,"minecraft:stone_shovel":3,"minecraft:hay_block":12,"minecraft:saddle":1,"minecraft:gold_ingot":4,"minecraft:mutton":27,"minecraft:cobblestone":140,"minecraft:snowball":8,"minecraft:white_wool":14,"minecraft:water_bucket":1,"minecraft:andesite":5,"minecraft:leather":1,"minecraft:potato":10,"minecraft:oak_log":28,"minecraft:dirt":3,"minecraft:apple":4,"minecraft:wheat_seeds":2,"minecraft:iron_ingot":25,"minecraft:stone_pickaxe":1,"minecraft:oak_planks":62,"minecraft:dark_oak_slab":1,"minecraft:sweet_berries":8,"minecraft:gravel":2,"minecraft:sand":11,"minecraft:spruce_sapling":3,"minecraft:white_bed":4,"minecraft:spider_eye":2,"minecraft:pumpkin_seeds":2,"minecraft:diamond":4,"minecraft:stone_axe":3,"minecraft:iron_helmet":3,"minecraft:golden_apple":1,"minecraft:gray_wool":2,"minecraft:emerald":1,"minecraft:bread":31,"minecraft:light_gray_carpet":1,"minecraft:black_wool":1,"minecraft:coal":44,"minecraft:ender_pearl":1},"minecraft:killed_by":{"minecraft:creeper":1},"minecraft:crafted":{"minecraft:oak_planks":112,"minecraft:stone_shovel":1,"minecraft:furnace":1,"minecraft:cooked_mutton":10,"minecraft:iron_boots":1,"minecraft:iron_axe":1,"minecraft:stone_pickaxe":2,"minecraft:wheat":108,"minecraft:cooked_beef":4,"minecraft:cooked_porkchop":2,"minecraft:crafting_table":1,"minecraft:wooden_pickaxe":1,"minecraft:iron_helmet":1,"minecraft:cooked_salmon":2,"minecraft:stone_axe":1,"minecraft:bread":52,"minecraft:air":0,"minecraft:oak_boat":3,"minecraft:iron_chestplate":1,"minecraft:stick":28,"minecraft:iron_ingot":45,"minecraft:iron_pickaxe":1,"minecraft:wooden_axe":1,"minecraft:iron_leggings":1,"minecraft:torch":36},"minecraft:broken":{"minecraft:stone_pickaxe":1},"minecraft:used":{"minecraft:stone_shovel":11,"minecraft:light_gray_carpet":1,"minecraft:shield":1,"minecraft:cooked_salmon":1,"minecraft:iron_chestplate":1,"minecraft:torch":39,"minecraft:dirt":1,"minecraft:mutton":13,"minecraft:white_carpet":3,"minecraft:wooden_axe":32,"minecraft:iron_axe":26,"minecraft:iron_helmet":1,"minecraft:iron_boots":1,"minecraft:light_gray_wool":2,"minecraft:beef":1,"minecraft:sweet_berries":6,"minecraft:cooked_cod":1,"minecraft:furnace":4,"minecraft:egg":1,"minecraft:cooked_beef":4,"minecraft:iron_leggings":1,"minecraft:cooked_mutton":4,"minecraft:stone_pickaxe":232,"minecraft:ender_pearl":1,"minecraft:wooden_pickaxe":3,"minecraft:white_wool":2,"minecraft:salmon":5,"minecraft:crafting_table":10,"minecraft:white_bed":2,"minecraft:apple":1,"minecraft:bread":18,"minecraft:iron_pickaxe":1,"minecraft:stone_axe":70,"minecraft:cobblestone":62,"minecraft:cooked_porkchop":2,"minecraft:porkchop":5,"minecraft:oak_boat":10,"minecraft:gray_wool":2},"minecraft:mined":{"minecraft:dark_oak_planks":5,"minecraft:white_bed":3,"minecraft:grass_block":1,"biomesoplenty:yellow_maple_leaf_pile":1,"minecraft:hay_block":12,"minecraft:furnace":3,"minecraft:iron_ore":67,"minecraft:andesite":5,"minecraft:stripped_spruce_log":1,"minecraft:water_cauldron":3,"minecraft:stone":88,"minecraft:spruce_slab":1,"minecraft:powder_snow":7,"minecraft:crafting_table":10,"minecraft:torch":3,"minecraft:short_grass":4,"minecraft:cobblestone":17,"minecraft:dark_oak_slab":1,"minecraft:white_carpet":3,"minecraft:oak_log":29,"minecraft:coal_ore":44,"minecraft:sand":6,"minecraft:oak_leaves":8,"minecraft:fern":2}},"DataVersion":3700}