{"stats":{"minecraft:killed_by":{"minecraft:creeper":1},"minecraft:killed":{"minecraft:spider":1,"minecraft:drowned":1,"minecraft:pig":4,"minecraft:zombie_villager":1,"minecraft:sheep":14,"minecraft:zombie":11,"minecraft:enderman":1,"minecraft:cow":4},"minecraft:dropped":{"minecraft:wheat_seeds":2,"minecraft:diamond":1,"minecraft:iron_helmet":1,"minecraft:cobblestone":3,"minecraft:copper_ingot":1,"minecraft:snowball":8,"minecraft:sand":6,"minecraft:cactus":1,"minecraft:white_wool":6,"minecraft:spruce_sapling":3,"minecraft:gravel":1,"minecraft:stone_axe":4,"minecraft:iron_nugget":8,"minecraft:stone_shovel":2,"minecraft:white_carpet":1,"minecraft:rotten_flesh":4,"minecraft:oak_planks":7,"minecraft:iron_boots":1,"minecraft:spider_eye":1,"minecraft:stone_pickaxe":2},"minecraft:used":{"minecraft:iron_shovel":27,"minecraft:flint_and_steel":3,"minecraft:stone_shovel":151,"minecraft:light_gray_carpet":1,"minecraft:chest":1,"minecraft:shield":2,"minecraft:cooked_salmon":1,"minecraft:iron_chestplate":1,"minecraft:torch":39,"minecraft:dirt":259,"minecraft:mutton":13,"minecraft:white_carpet":3,"minecraft:allium":74,"minecraft:wooden_axe":32,"minecraft:iron_axe":87,"minecraft:iron_helmet":2,"minecraft:iron_boots":1,"minecraft:light_gray_wool":2,"minecraft:beef":1,"minecraft:sweet_berries":6,"minecraft:cooked_cod":1,"minecraft:furnace":4,"minecraft:egg":1,"minecraft:cooked_beef":4,"minecraft:iron_leggings":1,"minecraft:cooked_mutton":10,"minecraft:water_bucket":2,"minecraft:stone_pickaxe":232,"minecraft:ender_pearl":1,"minecraft:wooden_pickaxe":3,"minecraft:white_wool":2,"minecraft:salmon":6,"minecraft:crafting_table":13,"minecraft:white_bed":5,"minecraft:apple":1,"minecraft:bread":33,"minecraft:iron_pickaxe":28,"minecraft:stone_axe":70,"minecraft:cobblestone":76,"minecraft:cooked_porkchop":2,"minecraft:porkchop":5,"minecraft:bucket":2,"minecraft:oak_boat":15,"minecraft:gray_wool":2},"minecraft:custom":{"minecraft:interact_with_smithing_table":1,"minecraft:mob_kills":37,"minecraft:interact_with_crafting_table":23,"minecraft:open_barrel":29,"minecraft:leave_game":8,"minecraft:time_since_death":129110,"minecraft:climb_one_cm":9210,"minecraft:sprint_one_cm":705771,"minecraft:walk_one_cm":390189,"minecraft:damage_blocked_by_shield":150,"minecraft:drop":41,"minecraft:talked_to_villager":1,"minecraft:play_time":229524,"minecraft:deaths":1,"minecraft:sneak_time":6163,"minecraft:walk_under_water_one_cm":34898,"minecraft:boat_one_cm":1113712,"minecraft:jump":4446,"minecraft:interact_with_blast_furnace":2,"minecraft:walk_on_water_one_cm":41942,"minecraft:total_world_time":229524,"minecraft:interact_with_furnace":29,"minecraft:interact_with_cartography_table":1,"minecraft:sleep_in_bed":11,"minecraft:time_since_rest":1765,"minecraft:damage_taken":2478,"minecraft:damage_dealt":4984,"minecraft:swim_one_cm":139718,"minecraft:fly_one_cm":958466,"minecraft:open_chest":49,"minecraft:crouch_one_cm":12287,"minecraft:interact_with_smoker":3,"minecraft:fall_one_cm":106577},"minecraft:mined":{"minecraft:dark_oak_planks":5,"minecraft:white_bed":6,"minecraft:allium":30,"minecraft:grass_block":112,"biomesoplenty:yellow_maple_leaf_pile":1,"minecraft:hay_block":12,"minecraft:furnace":3,"minecraft:iron_ore":75,"minecraft:fire":1,"minecraft:andesite":5,"minecraft:stripped_spruce_log":1,"minecraft:gold_block":1,"minecraft:water_cauldron":3,"minecraft:stone":92,"minecraft:spruce_slab":1,"minecraft:powder_snow":7,"minecraft:crafting_table":12,"minecraft:torch":3,"minecraft:short_grass":84,"minecraft:tall_grass":11,"minecraft:cobblestone":17,"minecraft:dark_oak_slab":1,"minecraft:white_carpet":3,"minecraft:oak_log":29,"minecraft:coal_ore":57,"minecraft:sand":6,"minecraft:dirt":27,"minecraft:oak_leaves":8,"minecraft:fern":2},"minecraft:broken":{"minecraft:stone_pickaxe":1,"minecraft:stone_shovel":1},"minecraft:picked_up":{"minecraft:crafting_table":13,"minecraft:iron_chestplate":3,"minecraft:allium":74,"minecraft:gold_block":1,"minecraft:shield":2,"minecraft:raw_copper":4,"minecraft:iron_axe":2,"minecraft:cooked_salmon":1,"minecraft:iron_leggings":1,"minecraft:white_carpet":5,"minecraft:beef":6,"minecraft:oak_boat":12,"minecraft:spruce_slab":1,"minecraft:iron_pickaxe":1,"minecraft:light_gray_wool":2,"minecraft:egg":1,"minecraft:iron_boots":3,"minecraft:furnace":3,"minecraft:stick":7,"minecraft:raw_iron":71,"minecraft:copper_ingot":1,"minecraft:torch":3,"minecraft:porkchop":7,"minecraft:cauldron":6,"minecraft:dark_oak_planks":5,"minecraft:rotten_flesh":12,"minecraft:stone_shovel":3,"minecraft:hay_block":12,"minecraft:saddle":1,"minecraft:gold_ingot":4,"minecraft:mutton":27,"minecraft:cobblestone":141,"minecraft:snowball":8,"minecraft:white_wool":14,"minecraft:water_bucket":1,"minecraft:andesite":5,"minecraft:leather":1,"minecraft:potato":11,"minecraft:lily_pad":13,"minecraft:oak_log":28,"minecraft:golden_boots":1,"minecraft:dirt":138,"minecraft:bone":14,"minecraft:apple":4,"minecraft:wheat_seeds":36,"minecraft:iron_ingot":25,"minecraft:stone_pickaxe":1,"minecraft:oak_planks":66,"minecraft:dark_oak_slab":1,"minecraft:sweet_berries":8,"minecraft:gravel":2,"minecraft:sand":11,"minecraft:spruce_sapling":3,"minecraft:white_bed":6,"minecraft:spider_eye":2,"minecraft:pumpkin_seeds":2,"minecraft:diamond":4,"minecraft:stone_axe":3,"minecraft:iron_helmet":3,"minecraft:golden_apple":1,"minecraft:gray_wool":2,"minecraft:emerald":1,"minecraft:bread":31,"minecraft:light_gray_carpet":1,"minecraft:black_wool":1,"minecraft:coal":57,"minecraft:ender_pearl":1},"minecraft:crafted":{"minecraft:oak_planks":112,"minecraft:stone_shovel":1,"minecraft:furnace":1,"minecraft:cooked_mutton":10,"minecraft:iron_boots":1,"minecraft:iron_axe":1,"minecraft:stone_pickaxe":2,"minecraft:chest":1,"minecraft:wheat":108,"minecraft:cooked_beef":4,"minecraft:cooked_porkchop":2,"minecraft:crafting_table":1,"minecraft:wooden_pickaxe":1,"minecraft:iron_helmet":1,"minecraft:cooked_salmon":2,"minecraft:stone_axe":1,"minecraft:bread":52,"minecraft:air":0,"minecraft:oak_boat":4,"minecraft:iron_chestplate":1,"minecraft:stick":28,"minecraft:iron_ingot":46,"minecraft:iron_pickaxe":1,"minecraft:wooden_axe":1,"minecraft:iron_shovel":1,"minecraft:gold_ingot":9,"minecraft:iron_leggings":1,"minecraft:torch":36}},"DataVersion":3700}