{"stats":{"minecraft:picked_up":{"minecraft:iron_chestplate":4,"minecraft:wheat":1,"minecraft:music_disc_cat":1,"minecraft:raw_copper":4,"minecraft:soul_soil":4,"minecraft:cooked_salmon":1,"minecraft:iron_leggings":2,"minecraft:beetroot":22,"minecraft:gold_nugget":50,"minecraft:cobbled_deepslate":1,"minecraft:bucket":2,"biomesoplenty:fir_planks":43,"minecraft:iron_pickaxe":3,"minecraft:iron_boots":4,"minecraft:furnace":3,"minecraft:stick":133,"minecraft:torch":63,"minecraft:porkchop":9,"minecraft:cherry_log":20,"minecraft:cauldron":6,"minecraft:quartz_block":1,"minecraft:rotten_flesh":40,"minecraft:obsidian":1,"minecraft:snowball":8,"minecraft:cobblestone":5519,"minecraft:feather":3,"minecraft:cooked_beef":9,"minecraft:water_bucket":1,"minecraft:andesite":5,"minecraft:potato":47,"biomesoplenty:fir_sapling":23,"biomesoplenty:fir_log":492,"minecraft:flint":5,"minecraft:dirt":7844,"minecraft:lapis_lazuli":15,"minecraft:bone":51,"minecraft:bow":2,"minecraft:wheat_seeds":107,"minecraft:rabbit":1,"minecraft:oak_planks":106,"minecraft:cooked_porkchop":3,"minecraft:sand":53,"biomesoplenty:fir_fence":4,"minecraft:diamond":4,"minecraft:granite":151,"minecraft:bone_meal":86,"minecraft:golden_apple":1,"minecraft:bread":31,"minecraft:emerald":4,"minecraft:oak_sapling":141,"minecraft:light_gray_carpet":1,"minecraft:netherrack":120,"minecraft:oak_leaves":62,"minecraft:crafting_table":15,"minecraft:allium":217,"minecraft:gold_block":1,"minecraft:stripped_cherry_log":1,"minecraft:shield":3,"minecraft:iron_axe":4,"minecraft:white_carpet":5,"minecraft:beef":6,"minecraft:oak_boat":12,"minecraft:spruce_slab":1,"minecraft:light_gray_wool":2,"minecraft:quartz_stairs":20,"minecraft:phantom_membrane":1,"minecraft:egg":4,"minecraft:raw_iron":83,"minecraft:stone":75,"minecraft:copper_ingot":1,"minecraft:cookie":4,"minecraft:carrot":3,"minecraft:dark_oak_planks":5,"minecraft:tnt":1,"minecraft:arrow":26,"minecraft:stone_shovel":3,"minecraft:beetroot_seeds":66,"minecraft:shears":1,"minecraft:hay_block":25,"minecraft:saddle":1,"minecraft:gold_ingot":4,"minecraft:mutton":27,"minecraft:white_wool":14,"minecraft:bone_block":119,"minecraft:oxeye_daisy":2,"minecraft:stripped_oak_log":794,"minecraft:leather":1,"minecraft:oak_log":61,"minecraft:lily_pad":13,"minecraft:golden_boots":2,"minecraft:gunpowder":4,"biomesoplenty:stripped_fir_log":5,"minecraft:apple":18,"minecraft:stone_bricks":2,"minecraft:stone_pickaxe":4,"minecraft:rabbit_hide":1,"minecraft:iron_ingot":37,"minecraft:soul_sand":2,"minecraft:dark_oak_slab":1,"minecraft:sweet_berries":8,"minecraft:chiseled_stone_bricks":4,"minecraft:dandelion":3,"minecraft:quartz":94,"minecraft:gravel":58,"minecraft:spruce_sapling":3,"minecraft:white_bed":8,"minecraft:crying_obsidian":1,"minecraft:spider_eye":2,"minecraft:pumpkin_seeds":2,"minecraft:stone_axe":3,"minecraft:iron_helmet":4,"minecraft:cherry_sapling":12,"minecraft:gray_wool":2,"minecraft:baked_potato":18,"minecraft:black_wool":1,"minecraft:coal":141,"minecraft:ender_pearl":1},"minecraft:killed_by":{"minecraft:creeper":1,"minecraft:skeleton":1},"minecraft:mined":{"minecraft:dark_oak_planks":5,"minecraft:white_bed":8,"minecraft:oak_sapling":10,"minecraft:cherry_log":20,"minecraft:obsidian":1,"minecraft:granite":107,"minecraft:grass_block":2973,"minecraft:soul_soil":4,"minecraft:oxeye_daisy":2,"minecraft:chiseled_stone_bricks":4,"biomesoplenty:stripped_fir_log":5,"minecraft:iron_ore":87,"minecraft:cobbled_deepslate":1,"minecraft:fire":6,"minecraft:water_cauldron":3,"minecraft:dirt_path":3,"minecraft:spruce_slab":1,"minecraft:quartz_block":1,"minecraft:soul_fire":2,"minecraft:powder_snow":7,"minecraft:torch":21,"minecraft:nether_quartz_ore":92,"minecraft:cobblestone":40,"minecraft:oak_planks":39,"minecraft:wall_torch":1,"minecraft:dark_oak_slab":1,"minecraft:wheat":1,"minecraft:tnt":1,"biomesoplenty:fir_log":459,"minecraft:oak_log":64,"minecraft:beetroots":22,"minecraft:sand":50,"minecraft:dirt":3075,"minecraft:netherrack":133,"minecraft:oak_leaves":265,"minecraft:nether_gold_ore":13,"minecraft:crying_obsidian":1,"minecraft:quartz_stairs":20,"minecraft:stripped_cherry_log":1,"minecraft:allium":106,"biomesoplenty:yellow_maple_leaf_pile":1,"minecraft:hay_block":25,"minecraft:furnace":3,"minecraft:carrots":1,"minecraft:andesite":5,"minecraft:stripped_spruce_log":1,"minecraft:gold_block":1,"minecraft:potatoes":10,"minecraft:stripped_oak_log":801,"minecraft:stone":5254,"minecraft:bone_block":51,"minecraft:soul_sand":2,"minecraft:dandelion":4,"minecraft:crafting_table":14,"biomesoplenty:small_rose_quartz_bud":1,"minecraft:short_grass":229,"minecraft:emerald_ore":3,"biomesoplenty:fir_planks":44,"minecraft:tall_grass":39,"biomesoplenty:fir_fence":4,"minecraft:white_carpet":3,"minecraft:coal_ore":147,"biomesoplenty:fir_leaves":111,"minecraft:cherry_leaves":49,"minecraft:gravel":36,"minecraft:stone_bricks":2,"minecraft:fern":2},"minecraft:broken":{"minecraft:iron_shovel":16,"minecraft:iron_boots":1,"minecraft:stone_pickaxe":5,"minecraft:diamond_shovel":1,"minecraft:stone_axe":2,"minecraft:stone_shovel":1,"minecraft:shield":1,"minecraft:iron_axe":11,"minecraft:iron_pickaxe":20},"minecraft:used":{"minecraft:iron_shovel":4436,"minecraft:bone_block":115,"minecraft:chest":14,"minecraft:shield":62,"minecraft:stone":1,"minecraft:quartz_stairs":43,"minecraft:rotten_flesh":1,"minecraft:iron_chestplate":2,"minecraft:mutton":13,"minecraft:carrot":4,"minecraft:allium":300,"minecraft:obsidian":1,"biomesoplenty:fir_sapling":6,"minecraft:quartz_block":1,"minecraft:iron_helmet":3,"minecraft:stone_bricks":46,"minecraft:sweet_berries":6,"minecraft:furnace":4,"minecraft:oak_sapling":122,"minecraft:cooked_cod":1,"minecraft:beetroot_seeds":35,"minecraft:egg":4,"minecraft:potato":10,"biomesoplenty:fir_fence":70,"minecraft:stone_pickaxe":794,"minecraft:oak_planks":54,"minecraft:ender_pearl":1,"minecraft:wooden_pickaxe":3,"biomesoplenty:fir_planks":206,"minecraft:oak_leaves":62,"minecraft:cookie":4,"minecraft:white_wool":2,"minecraft:shears":52,"minecraft:bread":116,"biomesoplenty:stripped_fir_log":3,"minecraft:gravel":6,"minecraft:diamond_sword":109,"minecraft:oak_boat":15,"minecraft:bone_meal":263,"minecraft:flint_and_steel":6,"minecraft:stone_shovel":151,"minecraft:light_gray_carpet":1,"minecraft:cooked_salmon":2,"minecraft:netherrack":40,"minecraft:torch":188,"minecraft:dirt":2921,"minecraft:wheat":1,"minecraft:white_carpet":3,"minecraft:wooden_axe":32,"minecraft:iron_axe":2636,"minecraft:iron_boots":1,"minecraft:light_gray_wool":2,"minecraft:beef":1,"minecraft:soul_soil":4,"minecraft:cooked_beef":13,"minecraft:cobbled_deepslate":1,"minecraft:iron_leggings":2,"minecraft:wheat_seeds":90,"minecraft:cooked_mutton":10,"minecraft:water_bucket":8,"minecraft:baked_potato":49,"minecraft:stonecutter":1,"minecraft:salmon":6,"minecraft:music_disc_cat":1,"minecraft:tnt":2,"minecraft:crafting_table":15,"minecraft:white_bed":7,"minecraft:oak_log":11,"minecraft:oxeye_daisy":2,"minecraft:diamond_pickaxe":14,"minecraft:apple":1,"minecraft:diamond_shovel":1581,"minecraft:iron_pickaxe":5196,"minecraft:stone_axe":259,"minecraft:chiseled_stone_bricks":116,"minecraft:cobblestone":96,"minecraft:porkchop":7,"minecraft:cooked_porkchop":5,"minecraft:bucket":10,"minecraft:stripped_oak_log":792,"biomesoplenty:fir_log":336,"minecraft:dandelion":3,"minecraft:gray_wool":2},"minecraft:custom":{"minecraft:interact_with_crafting_table":84,"minecraft:open_barrel":29,"minecraft:bell_ring":24,"minecraft:leave_game":22,"minecraft:time_since_death":63750,"minecraft:sprint_one_cm":2090661,"minecraft:damage_blocked_by_shield":4165,"minecraft:drop":105,"minecraft:talked_to_villager":2,"minecraft:play_time":904355,"minecraft:deaths":2,"minecraft:jump":13523,"minecraft:interact_with_brewingstand":1,"minecraft:walk_on_water_one_cm":46817,"minecraft:enchant_item":1,"minecraft:interact_with_furnace":74,"minecraft:play_record":1,"minecraft:interact_with_cartography_table":2,"minecraft:sleep_in_bed":41,"minecraft:damage_dealt":13834,"minecraft:crouch_one_cm":128066,"minecraft:interact_with_smoker":3,"minecraft:horse_one_cm":79612,"minecraft:interact_with_smithing_table":2,"minecraft:mob_kills":84,"minecraft:climb_one_cm":9210,"minecraft:walk_one_cm":2014974,"minecraft:sneak_time":42353,"minecraft:walk_under_water_one_cm":60372,"minecraft:boat_one_cm":1115138,"minecraft:interact_with_blast_furnace":2,"minecraft:total_world_time":904355,"minecraft:interact_with_grindstone":2,"minecraft:interact_with_stonecutter":12,"minecraft:time_since_rest":63786,"minecraft:damage_taken":8138,"minecraft:swim_one_cm":148200,"minecraft:fly_one_cm":2972328,"minecraft:open_chest":420,"minecraft:fall_one_cm":305874},"minecraft:killed":{"minecraft:spider":2,"minecraft:skeleton":13,"minecraft:piglin":1,"minecraft:pig":6,"minecraft:zombie_villager":1,"minecraft:creeper":2,"minecraft:sheep":14,"minecraft:zombie":36,"minecraft:cow":4,"minecraft:drowned":1,"minecraft:enderman":1},"minecraft:crafted":{"minecraft:oak_planks":200,"minecraft:stone":213,"minecraft:diamond_shovel":1,"minecraft:cooked_mutton":10,"minecraft:quartz_block":23,"minecraft:iron_boots":1,"minecraft:chest":14,"minecraft:cooked_porkchop":2,"minecraft:crafting_table":1,"minecraft:baked_potato":58,"minecraft:wooden_pickaxe":1,"minecraft:iron_helmet":1,"biomesoplenty:fir_planks":388,"minecraft:tnt":1,"minecraft:iron_chestplate":1,"minecraft:diamond_pickaxe":1,"minecraft:shield":1,"minecraft:stick":384,"minecraft:iron_ingot":102,"minecraft:iron_pickaxe":21,"minecraft:gold_ingot":14,"minecraft:cherry_planks":4,"minecraft:stone_shovel":1,"minecraft:furnace":1,"minecraft:bone_meal":159,"minecraft:iron_axe":13,"minecraft:stone_pickaxe":6,"minecraft:wheat":225,"minecraft:cooked_beef":4,"minecraft:diamond_sword":1,"minecraft:cooked_salmon":2,"minecraft:stone_axe":2,"minecraft:bread":91,"minecraft:air":0,"minecraft:oak_boat":4,"biomesoplenty:fir_fence":66,"minecraft:wooden_axe":1,"minecraft:iron_shovel":18,"minecraft:iron_leggings":1,"minecraft:stonecutter":1,"minecraft:torch":128},"minecraft:dropped":{"biomesoplenty:fir_log":30,"minecraft:diamond":1,"minecraft:flint":1,"minecraft:snowball":8,"minecraft:bone_meal":1,"minecraft:sand":6,"minecraft:iron_pickaxe":1,"minecraft:white_wool":6,"minecraft:gravel":1,"minecraft:stone_axe":4,"minecraft:iron_nugget":8,"minecraft:rotten_flesh":10,"minecraft:oak_planks":7,"minecraft:beetroot_seeds":29,"minecraft:arrow":64,"minecraft:water_bucket":2,"minecraft:bread":11,"minecraft:wheat_seeds":3,"minecraft:iron_helmet":1,"minecraft:cobblestone":3,"minecraft:copper_ingot":1,"minecraft:stick":138,"minecraft:cactus":1,"minecraft:spruce_sapling":3,"minecraft:stone_shovel":2,"minecraft:white_carpet":1,"minecraft:iron_boots":1,"minecraft:stripped_oak_log":2,"minecraft:shears":1,"minecraft:diamond_pickaxe":1,"minecraft:spider_eye":1,"minecraft:bow":2,"minecraft:stone_pickaxe":2}},"DataVersion":3700}