{"stats":{"minecraft:killed":{"minecraft:sheep":3,"minecraft:zombie":1,"minecraft:pig":4,"minecraft:spider":1,"minecraft:enderman":1,"minecraft:cow":2},"minecraft:picked_up":{"minecraft:raw_iron":29,"minecraft:stick":1,"minecraft:crafting_table":3,"minecraft:andesite":5,"minecraft:leather":1,"minecraft:gravel":1,"minecraft:porkchop":7,"minecraft:oak_log":22,"minecraft:shield":1,"minecraft:dirt":3,"minecraft:raw_copper":4,"minecraft:wheat_seeds":1,"minecraft:beef":4,"minecraft:ender_pearl":1,"minecraft:black_wool":1,"minecraft:mutton":5,"minecraft:oak_planks":3,"minecraft:coal":41,"minecraft:egg":1,"minecraft:white_wool":2,"minecraft:cobblestone":54,"minecraft:furnace":2},"minecraft:broken":{"minecraft:stone_pickaxe":1},"minecraft:dropped":{"minecraft:wheat_seeds":1,"minecraft:cobblestone":3,"minecraft:oak_planks":3},"minecraft:used":{"minecraft:wooden_axe":32,"minecraft:stone_pickaxe":137,"minecraft:shield":1,"minecraft:wooden_pickaxe":3,"minecraft:iron_chestplate":1,"minecraft:white_wool":2,"minecraft:torch":16,"minecraft:stone_axe":26,"minecraft:cobblestone":4,"minecraft:dirt":1,"minecraft:mutton":2,"minecraft:crafting_table":4,"minecraft:cooked_porkchop":1,"minecraft:furnace":3,"minecraft:porkchop":5,"minecraft:cooked_beef":3},"minecraft:custom":{"minecraft:time_since_rest":32660,"minecraft:interact_with_furnace":14,"minecraft:sprint_one_cm":89651,"minecraft:damage_taken":448,"minecraft:walk_one_cm":80068,"minecraft:damage_blocked_by_shield":60,"minecraft:mob_kills":12,"minecraft:drop":5,"minecraft:damage_dealt":1731,"minecraft:interact_with_crafting_table":7,"minecraft:swim_one_cm":31755,"minecraft:fly_one_cm":75307,"minecraft:crouch_one_cm":3226,"minecraft:play_time":32660,"minecraft:sneak_time":1556,"minecraft:walk_under_water_one_cm":6487,"minecraft:jump":490,"minecraft:walk_on_water_one_cm":7380,"minecraft:time_since_death":32660,"minecraft:total_world_time":32660,"minecraft:fall_one_cm":9735},"minecraft:mined":{"minecraft:furnace":2,"minecraft:iron_ore":29,"minecraft:andesite":5,"minecraft:crafting_table":3,"minecraft:short_grass":1,"minecraft:coal_ore":41,"minecraft:grass_block":1,"minecraft:oak_log":23,"minecraft:stone":61,"minecraft:oak_leaves":2},"minecraft:crafted":{"minecraft:cooked_beef":4,"minecraft:oak_planks":20,"minecraft:iron_chestplate":1,"minecraft:cooked_porkchop":2,"minecraft:crafting_table":1,"minecraft:stick":20,"minecraft:iron_ingot":8,"minecraft:wooden_pickaxe":1,"minecraft:stone_pickaxe":2,"minecraft:wooden_axe":1,"minecraft:furnace":1,"minecraft:cooked_salmon":2,"minecraft:torch":20,"minecraft:stone_axe":1,"minecraft:air":0}},"DataVersion":3700}