{"stats":{"minecraft:picked_up":{"minecraft:iron_chestplate":5,"minecraft:wheat":1,"minecraft:lead":2,"minecraft:diamond_sword":1,"minecraft:music_disc_cat":1,"minecraft:string":2,"minecraft:soul_soil":17,"minecraft:raw_copper":4,"minecraft:cooked_salmon":1,"minecraft:iron_leggings":3,"minecraft:beetroot":22,"minecraft:gold_nugget":132,"minecraft:cobbled_deepslate":1,"minecraft:bucket":2,"biomesoplenty:fir_planks":43,"minecraft:iron_pickaxe":5,"minecraft:furnace":3,"minecraft:iron_boots":5,"minecraft:stick":220,"minecraft:torch":73,"minecraft:porkchop":9,"minecraft:cherry_log":20,"minecraft:cauldron":6,"minecraft:quartz_block":1,"minecraft:rotten_flesh":50,"minecraft:bookshelf":2,"minecraft:obsidian":1,"minecraft:snowball":8,"minecraft:cobblestone":5531,"minecraft:feather":3,"minecraft:cooked_beef":9,"minecraft:water_bucket":1,"minecraft:andesite":5,"minecraft:smoker":1,"minecraft:potato":124,"biomesoplenty:fir_sapling":46,"biomesoplenty:fir_log":844,"minecraft:flint":5,"minecraft:lapis_lazuli":15,"minecraft:dirt":7863,"minecraft:bone":53,"minecraft:bow":3,"minecraft:wheat_seeds":107,"biomesoplenty:fir_boat":4,"minecraft:rabbit":1,"minecraft:oak_planks":110,"minecraft:cooked_porkchop":3,"minecraft:sand":53,"biomesoplenty:fir_fence":4,"minecraft:diamond":4,"minecraft:granite":151,"minecraft:bone_meal":86,"minecraft:golden_apple":1,"minecraft:bread":31,"minecraft:emerald":4,"minecraft:oak_sapling":220,"minecraft:light_gray_carpet":1,"minecraft:netherrack":184,"minecraft:oak_leaves":62,"minecraft:crafting_table":15,"minecraft:allium":217,"minecraft:gold_block":1,"minecraft:stripped_cherry_log":1,"minecraft:shield":4,"minecraft:iron_axe":6,"minecraft:white_carpet":5,"minecraft:beef":6,"minecraft:oak_boat":12,"minecraft:spruce_slab":1,"minecraft:light_gray_wool":2,"minecraft:lectern":18,"minecraft:quartz_stairs":20,"minecraft:phantom_membrane":1,"minecraft:egg":4,"minecraft:raw_iron":83,"minecraft:stone":75,"minecraft:copper_ingot":1,"minecraft:cookie":4,"minecraft:carrot":3,"minecraft:dark_oak_planks":5,"minecraft:tnt":1,"minecraft:arrow":35,"minecraft:stone_shovel":3,"minecraft:beetroot_seeds":66,"minecraft:shears":1,"minecraft:hay_block":25,"minecraft:saddle":1,"minecraft:gold_ingot":4,"minecraft:mutton":27,"minecraft:white_wool":14,"minecraft:bone_block":119,"minecraft:oxeye_daisy":2,"minecraft:stripped_oak_log":794,"minecraft:leather":10,"minecraft:oak_log":244,"minecraft:lily_pad":13,"minecraft:golden_boots":2,"minecraft:gunpowder":4,"biomesoplenty:stripped_fir_log":6,"minecraft:apple":20,"minecraft:stone_bricks":2,"minecraft:stone_pickaxe":6,"minecraft:rabbit_hide":1,"minecraft:iron_ingot":37,"minecraft:soul_sand":3,"minecraft:book":18,"minecraft:oak_slab":4,"minecraft:dark_oak_slab":1,"minecraft:sweet_berries":8,"minecraft:chiseled_stone_bricks":4,"minecraft:dandelion":3,"minecraft:quartz":118,"minecraft:gravel":58,"minecraft:spruce_sapling":3,"minecraft:white_bed":8,"minecraft:crying_obsidian":1,"minecraft:spider_eye":2,"minecraft:pumpkin_seeds":2,"minecraft:stone_axe":3,"minecraft:iron_helmet":5,"minecraft:cherry_sapling":12,"minecraft:gray_wool":2,"minecraft:baked_potato":68,"minecraft:black_wool":1,"minecraft:coal":141,"minecraft:ender_pearl":1},"minecraft:killed_by":{"minecraft:creeper":1,"minecraft:player":1,"minecraft:skeleton":1},"minecraft:mined":{"minecraft:dark_oak_planks":5,"minecraft:white_bed":8,"minecraft:oak_sapling":30,"minecraft:cherry_log":20,"minecraft:obsidian":1,"minecraft:granite":107,"minecraft:grass_block":2973,"minecraft:soul_soil":16,"minecraft:oxeye_daisy":2,"minecraft:chiseled_stone_bricks":4,"biomesoplenty:stripped_fir_log":6,"minecraft:iron_ore":87,"minecraft:cobbled_deepslate":1,"minecraft:fire":7,"minecraft:water_cauldron":3,"minecraft:dirt_path":3,"minecraft:spruce_slab":1,"minecraft:quartz_block":1,"minecraft:smoker":1,"minecraft:soul_fire":3,"minecraft:powder_snow":7,"minecraft:torch":21,"minecraft:nether_quartz_ore":116,"minecraft:cobblestone":52,"minecraft:oak_planks":42,"minecraft:wall_torch":1,"minecraft:dark_oak_slab":1,"minecraft:wheat":1,"minecraft:tnt":1,"biomesoplenty:fir_log":838,"minecraft:oak_log":247,"minecraft:beetroots":22,"minecraft:sand":50,"minecraft:dirt":3077,"minecraft:netherrack":201,"minecraft:oak_leaves":291,"minecraft:nether_gold_ore":25,"minecraft:crying_obsidian":1,"minecraft:quartz_stairs":20,"minecraft:stripped_cherry_log":1,"minecraft:allium":106,"biomesoplenty:yellow_maple_leaf_pile":1,"minecraft:hay_block":25,"minecraft:furnace":3,"minecraft:carrots":1,"minecraft:andesite":5,"minecraft:stripped_spruce_log":1,"minecraft:gold_block":1,"minecraft:bookshelf":6,"minecraft:potatoes":31,"minecraft:stripped_oak_log":801,"minecraft:stone":5254,"minecraft:bone_block":51,"minecraft:oak_slab":1,"minecraft:soul_sand":4,"minecraft:dandelion":4,"minecraft:crafting_table":14,"biomesoplenty:small_rose_quartz_bud":1,"minecraft:short_grass":229,"minecraft:emerald_ore":3,"biomesoplenty:fir_planks":44,"minecraft:lectern":16,"minecraft:tall_grass":39,"biomesoplenty:fir_fence":4,"minecraft:white_carpet":3,"minecraft:coal_ore":147,"biomesoplenty:fir_leaves":177,"minecraft:cherry_leaves":49,"minecraft:gravel":36,"minecraft:stone_bricks":2,"minecraft:fern":2},"minecraft:broken":{"minecraft:iron_shovel":16,"minecraft:iron_boots":1,"minecraft:iron_leggings":1,"minecraft:stone_pickaxe":5,"minecraft:diamond_shovel":1,"minecraft:stone_axe":2,"minecraft:stone_shovel":1,"minecraft:shield":1,"minecraft:iron_axe":13,"minecraft:iron_pickaxe":20},"minecraft:used":{"minecraft:iron_shovel":4436,"minecraft:bone_block":115,"minecraft:chest":14,"minecraft:shield":83,"minecraft:stone":1,"minecraft:quartz_stairs":46,"minecraft:rotten_flesh":3,"minecraft:iron_chestplate":2,"minecraft:soul_sand":3,"minecraft:mutton":13,"minecraft:carrot":4,"minecraft:allium":300,"minecraft:obsidian":1,"biomesoplenty:fir_sapling":17,"minecraft:quartz_block":1,"minecraft:iron_helmet":3,"minecraft:stone_bricks":46,"minecraft:sweet_berries":6,"minecraft:furnace":4,"minecraft:oak_sapling":156,"minecraft:cooked_cod":1,"minecraft:beetroot_seeds":35,"minecraft:egg":4,"minecraft:potato":44,"biomesoplenty:fir_fence":70,"minecraft:stone_pickaxe":881,"minecraft:oak_planks":57,"minecraft:ender_pearl":1,"minecraft:wooden_pickaxe":3,"biomesoplenty:fir_boat":2,"biomesoplenty:fir_planks":207,"minecraft:oak_leaves":62,"minecraft:cookie":4,"minecraft:white_wool":2,"minecraft:golden_apple":1,"minecraft:shears":52,"minecraft:bread":116,"minecraft:lectern":17,"biomesoplenty:stripped_fir_log":3,"minecraft:gravel":6,"minecraft:diamond_sword":137,"minecraft:oak_boat":15,"minecraft:bone_meal":263,"minecraft:flint_and_steel":9,"minecraft:stone_shovel":151,"minecraft:light_gray_carpet":1,"minecraft:cooked_salmon":2,"minecraft:netherrack":53,"minecraft:torch":208,"minecraft:dirt":2921,"minecraft:wheat":1,"minecraft:white_carpet":3,"minecraft:wooden_axe":32,"minecraft:iron_axe":3339,"minecraft:iron_boots":2,"minecraft:light_gray_wool":2,"minecraft:beef":1,"minecraft:soul_soil":17,"minecraft:cooked_beef":13,"minecraft:cobbled_deepslate":1,"minecraft:iron_leggings":3,"minecraft:wheat_seeds":90,"minecraft:cooked_mutton":10,"minecraft:water_bucket":8,"minecraft:baked_potato":82,"minecraft:stonecutter":1,"minecraft:salmon":6,"minecraft:music_disc_cat":1,"minecraft:oak_slab":4,"minecraft:tnt":2,"minecraft:crafting_table":15,"minecraft:white_bed":7,"minecraft:smoker":1,"minecraft:oak_log":16,"minecraft:oxeye_daisy":2,"minecraft:diamond_pickaxe":14,"minecraft:apple":2,"minecraft:diamond_shovel":1581,"minecraft:iron_pickaxe":5238,"minecraft:stone_axe":259,"minecraft:chiseled_stone_bricks":116,"minecraft:cobblestone":123,"minecraft:porkchop":7,"minecraft:cooked_porkchop":5,"minecraft:bucket":10,"minecraft:stripped_oak_log":792,"biomesoplenty:fir_log":358,"minecraft:dandelion":3,"minecraft:gray_wool":2},"minecraft:custom":{"minecraft:interact_with_crafting_table":98,"minecraft:open_barrel":29,"minecraft:bell_ring":24,"minecraft:leave_game":23,"minecraft:time_since_death":43732,"minecraft:sprint_one_cm":2438568,"minecraft:damage_blocked_by_shield":4846,"minecraft:drop":122,"minecraft:talked_to_villager":65,"minecraft:play_time":1042074,"minecraft:deaths":3,"minecraft:jump":15177,"minecraft:interact_with_brewingstand":1,"minecraft:walk_on_water_one_cm":50982,"minecraft:enchant_item":1,"minecraft:interact_with_furnace":81,"minecraft:play_record":1,"minecraft:traded_with_villager":134,"minecraft:interact_with_cartography_table":2,"minecraft:sleep_in_bed":43,"minecraft:damage_dealt":16084,"minecraft:crouch_one_cm":136442,"minecraft:interact_with_smoker":7,"minecraft:horse_one_cm":79612,"minecraft:interact_with_smithing_table":2,"minecraft:mob_kills":94,"minecraft:climb_one_cm":9210,"minecraft:walk_one_cm":2188198,"minecraft:sneak_time":47915,"minecraft:walk_under_water_one_cm":60372,"minecraft:boat_one_cm":1115138,"minecraft:interact_with_blast_furnace":2,"minecraft:total_world_time":1042074,"minecraft:interact_with_grindstone":2,"minecraft:interact_with_stonecutter":14,"minecraft:time_since_rest":43762,"minecraft:damage_taken":9629,"minecraft:swim_one_cm":148200,"minecraft:fly_one_cm":3353704,"minecraft:open_chest":475,"minecraft:fall_one_cm":326260},"minecraft:killed":{"minecraft:spider":3,"minecraft:skeleton":15,"minecraft:piglin":1,"minecraft:pig":6,"minecraft:zombie_villager":1,"minecraft:creeper":2,"minecraft:sheep":14,"minecraft:trader_llama":2,"minecraft:zombie":40,"minecraft:cow":4,"minecraft:drowned":1,"minecraft:wandering_trader":1,"minecraft:enderman":1},"minecraft:crafted":{"minecraft:oak_planks":912,"minecraft:stone":213,"minecraft:diamond_shovel":1,"minecraft:cooked_mutton":10,"minecraft:quartz_block":29,"minecraft:iron_boots":1,"minecraft:chest":14,"minecraft:oak_slab":6,"minecraft:emerald":129,"minecraft:cooked_porkchop":2,"minecraft:crafting_table":1,"minecraft:baked_potato":65,"minecraft:wooden_pickaxe":1,"minecraft:iron_helmet":1,"biomesoplenty:fir_planks":1712,"minecraft:tnt":1,"minecraft:lectern":1,"minecraft:book":9,"minecraft:iron_chestplate":1,"minecraft:diamond_pickaxe":1,"minecraft:shield":1,"minecraft:stick":4344,"minecraft:iron_ingot":102,"minecraft:iron_pickaxe":22,"minecraft:gold_ingot":14,"minecraft:cherry_planks":4,"minecraft:stone_shovel":1,"minecraft:furnace":1,"minecraft:bone_meal":159,"minecraft:flint_and_steel":1,"minecraft:iron_axe":13,"minecraft:stone_pickaxe":7,"minecraft:wheat":225,"minecraft:cooked_beef":4,"minecraft:diamond_sword":1,"minecraft:cooked_salmon":2,"minecraft:stone_axe":2,"minecraft:enchanted_book":5,"minecraft:bread":91,"minecraft:air":0,"minecraft:oak_boat":4,"biomesoplenty:fir_fence":66,"minecraft:wooden_axe":1,"minecraft:iron_shovel":18,"minecraft:iron_leggings":2,"minecraft:stonecutter":1,"minecraft:torch":148},"minecraft:dropped":{"biomesoplenty:fir_log":30,"minecraft:baked_potato":6,"minecraft:diamond":1,"biomesoplenty:fir_sapling":10,"minecraft:flint":1,"minecraft:snowball":8,"minecraft:bone_meal":1,"minecraft:sand":6,"minecraft:iron_pickaxe":1,"minecraft:white_wool":6,"minecraft:gravel":1,"minecraft:stone_axe":4,"minecraft:iron_nugget":8,"minecraft:rotten_flesh":10,"minecraft:oak_planks":7,"minecraft:beetroot_seeds":29,"minecraft:arrow":64,"minecraft:lectern":1,"minecraft:water_bucket":2,"minecraft:bread":11,"minecraft:wheat_seeds":3,"minecraft:iron_helmet":1,"minecraft:cobblestone":3,"minecraft:copper_ingot":1,"minecraft:stick":138,"minecraft:cactus":1,"minecraft:spruce_sapling":3,"minecraft:stone_shovel":2,"minecraft:white_carpet":1,"minecraft:iron_boots":1,"minecraft:stripped_oak_log":2,"minecraft:shears":1,"minecraft:diamond_pickaxe":1,"minecraft:spider_eye":1,"minecraft:bow":2,"minecraft:stone_pickaxe":2}},"DataVersion":3700}