{"stats":{"minecraft:custom":{"minecraft:interact_with_furnace":29,"minecraft:mob_kills":24,"minecraft:interact_with_crafting_table":15,"minecraft:leave_game":2,"minecraft:time_since_death":71783,"minecraft:sleep_in_bed":1,"minecraft:climb_one_cm":396,"minecraft:time_since_rest":11039,"minecraft:sprint_one_cm":285007,"minecraft:damage_taken":661,"minecraft:walk_one_cm":192948,"minecraft:damage_blocked_by_shield":60,"minecraft:drop":5,"minecraft:damage_dealt":2630,"minecraft:swim_one_cm":37982,"minecraft:fly_one_cm":267170,"minecraft:open_chest":4,"minecraft:crouch_one_cm":6973,"minecraft:play_time":71783,"minecraft:sneak_time":3156,"minecraft:walk_under_water_one_cm":8603,"minecraft:boat_one_cm":5371,"minecraft:jump":1481,"minecraft:walk_on_water_one_cm":10266,"minecraft:total_world_time":71783,"minecraft:fall_one_cm":29197},"minecraft:picked_up":{"minecraft:crafting_table":7,"minecraft:andesite":5,"minecraft:leather":1,"minecraft:oak_log":22,"minecraft:shield":1,"minecraft:dirt":3,"minecraft:raw_copper":4,"minecraft:white_carpet":3,"minecraft:wheat_seeds":1,"minecraft:beef":4,"minecraft:light_gray_wool":1,"minecraft:oak_planks":3,"minecraft:egg":1,"minecraft:furnace":3,"minecraft:stick":1,"minecraft:raw_iron":63,"minecraft:torch":3,"minecraft:gravel":1,"minecraft:porkchop":7,"minecraft:white_bed":1,"minecraft:cauldron":3,"minecraft:rotten_flesh":3,"minecraft:gray_wool":2,"minecraft:light_gray_carpet":1,"minecraft:coal":44,"minecraft:black_wool":1,"minecraft:mutton":20,"minecraft:white_wool":8,"minecraft:cobblestone":96,"minecraft:ender_pearl":1},"minecraft:killed":{"minecraft:pig":4,"minecraft:spider":1,"minecraft:sheep":12,"minecraft:zombie":3,"minecraft:drowned":1,"minecraft:enderman":1,"minecraft:cow":2},"minecraft:used":{"minecraft:cooked_mutton":3,"minecraft:stone_pickaxe":229,"minecraft:ender_pearl":1,"minecraft:shield":1,"minecraft:wooden_pickaxe":3,"minecraft:cooked_salmon":1,"minecraft:iron_chestplate":1,"minecraft:white_wool":2,"minecraft:torch":39,"minecraft:dirt":1,"minecraft:mutton":6,"minecraft:white_carpet":3,"minecraft:crafting_table":7,"minecraft:wooden_axe":32,"minecraft:apple":1,"minecraft:iron_helmet":1,"minecraft:iron_boots":1,"minecraft:light_gray_wool":1,"minecraft:stone_axe":59,"minecraft:cobblestone":28,"minecraft:cooked_porkchop":2,"minecraft:furnace":4,"minecraft:porkchop":5,"minecraft:oak_boat":1,"minecraft:egg":1,"minecraft:cooked_beef":4,"minecraft:gray_wool":2,"minecraft:iron_leggings":1},"minecraft:broken":{"minecraft:stone_pickaxe":1},"minecraft:dropped":{"minecraft:wheat_seeds":1,"minecraft:cobblestone":3,"minecraft:oak_planks":3},"minecraft:mined":{"minecraft:white_bed":1,"minecraft:powder_snow":2,"minecraft:crafting_table":7,"minecraft:torch":3,"minecraft:short_grass":4,"minecraft:grass_block":1,"minecraft:cobblestone":16,"biomesoplenty:yellow_maple_leaf_pile":1,"minecraft:furnace":3,"minecraft:iron_ore":67,"minecraft:white_carpet":2,"minecraft:andesite":5,"minecraft:oak_log":23,"minecraft:coal_ore":44,"minecraft:water_cauldron":3,"minecraft:stone":88,"minecraft:fern":1,"minecraft:oak_leaves":4},"minecraft:crafted":{"minecraft:cooked_beef":4,"minecraft:oak_planks":88,"minecraft:stone_shovel":1,"minecraft:cooked_porkchop":2,"minecraft:crafting_table":1,"minecraft:wooden_pickaxe":1,"minecraft:iron_helmet":1,"minecraft:furnace":1,"minecraft:cooked_salmon":2,"minecraft:stone_axe":1,"minecraft:cooked_mutton":3,"minecraft:air":0,"minecraft:oak_boat":1,"minecraft:iron_boots":1,"minecraft:iron_chestplate":1,"minecraft:stick":20,"minecraft:iron_ingot":45,"minecraft:stone_pickaxe":2,"minecraft:wooden_axe":1,"minecraft:iron_leggings":1,"minecraft:torch":36}},"DataVersion":3700}