{"stats":{"minecraft:killed_by":{"minecraft:creeper":1},"minecraft:killed":{"minecraft:spider":2,"minecraft:drowned":1,"minecraft:pig":4,"minecraft:zombie_villager":1,"minecraft:sheep":14,"minecraft:zombie":12,"minecraft:enderman":1,"minecraft:cow":4},"minecraft:dropped":{"minecraft:wheat_seeds":3,"minecraft:diamond":1,"minecraft:cobblestone":3,"minecraft:iron_helmet":1,"minecraft:copper_ingot":1,"minecraft:snowball":8,"minecraft:sand":6,"minecraft:cactus":1,"minecraft:white_wool":6,"minecraft:spruce_sapling":3,"minecraft:gravel":1,"minecraft:stone_axe":4,"minecraft:iron_nugget":8,"minecraft:stone_shovel":2,"minecraft:white_carpet":1,"minecraft:rotten_flesh":4,"minecraft:oak_planks":7,"minecraft:iron_boots":1,"minecraft:spider_eye":1,"minecraft:stone_pickaxe":2},"minecraft:used":{"minecraft:iron_shovel":282,"minecraft:flint_and_steel":4,"minecraft:stone_shovel":151,"minecraft:light_gray_carpet":1,"minecraft:chest":3,"minecraft:shield":2,"minecraft:cooked_salmon":1,"minecraft:iron_chestplate":1,"minecraft:torch":67,"minecraft:dirt":420,"minecraft:mutton":13,"minecraft:white_carpet":3,"minecraft:allium":76,"minecraft:wooden_axe":32,"minecraft:iron_axe":420,"minecraft:iron_helmet":2,"minecraft:iron_boots":1,"minecraft:light_gray_wool":2,"minecraft:beef":1,"minecraft:sweet_berries":6,"minecraft:cooked_cod":1,"minecraft:furnace":4,"minecraft:egg":2,"minecraft:cooked_beef":4,"minecraft:iron_leggings":1,"minecraft:cooked_mutton":10,"minecraft:water_bucket":6,"minecraft:stone_pickaxe":232,"minecraft:ender_pearl":1,"minecraft:wooden_pickaxe":3,"biomesoplenty:fir_planks":206,"minecraft:white_wool":2,"minecraft:salmon":6,"minecraft:crafting_table":13,"minecraft:white_bed":5,"minecraft:apple":1,"minecraft:bread":39,"minecraft:iron_pickaxe":28,"minecraft:gravel":5,"minecraft:stone_axe":70,"minecraft:cobblestone":76,"minecraft:porkchop":5,"minecraft:cooked_porkchop":2,"minecraft:bucket":6,"minecraft:oak_boat":15,"biomesoplenty:fir_log":67,"minecraft:gray_wool":2},"minecraft:custom":{"minecraft:interact_with_smithing_table":1,"minecraft:mob_kills":39,"minecraft:interact_with_crafting_table":25,"minecraft:open_barrel":29,"minecraft:leave_game":9,"minecraft:time_since_death":170367,"minecraft:climb_one_cm":9210,"minecraft:sprint_one_cm":785351,"minecraft:walk_one_cm":461608,"minecraft:damage_blocked_by_shield":150,"minecraft:drop":42,"minecraft:talked_to_villager":1,"minecraft:play_time":270781,"minecraft:sneak_time":11600,"minecraft:deaths":1,"minecraft:walk_under_water_one_cm":50543,"minecraft:boat_one_cm":1113712,"minecraft:jump":5183,"minecraft:interact_with_blast_furnace":2,"minecraft:walk_on_water_one_cm":45142,"minecraft:total_world_time":270781,"minecraft:interact_with_furnace":29,"minecraft:interact_with_cartography_table":1,"minecraft:sleep_in_bed":12,"minecraft:time_since_rest":24350,"minecraft:damage_taken":2648,"minecraft:damage_dealt":5345,"minecraft:swim_one_cm":139718,"minecraft:fly_one_cm":1117716,"minecraft:open_chest":55,"minecraft:crouch_one_cm":29254,"minecraft:interact_with_smoker":3,"minecraft:fall_one_cm":127443},"minecraft:mined":{"minecraft:dark_oak_planks":5,"minecraft:white_bed":6,"minecraft:cherry_log":20,"minecraft:stripped_cherry_log":1,"minecraft:allium":47,"minecraft:grass_block":260,"biomesoplenty:yellow_maple_leaf_pile":1,"minecraft:hay_block":12,"minecraft:furnace":3,"minecraft:iron_ore":75,"minecraft:fire":2,"minecraft:andesite":5,"minecraft:stripped_spruce_log":1,"minecraft:gold_block":1,"minecraft:water_cauldron":3,"minecraft:stone":92,"minecraft:spruce_slab":1,"minecraft:powder_snow":7,"minecraft:crafting_table":12,"minecraft:torch":3,"minecraft:short_grass":106,"biomesoplenty:fir_planks":44,"minecraft:tall_grass":31,"minecraft:cobblestone":17,"minecraft:dark_oak_slab":1,"minecraft:white_carpet":3,"biomesoplenty:fir_log":160,"minecraft:oak_log":29,"minecraft:coal_ore":57,"biomesoplenty:fir_leaves":43,"minecraft:gravel":5,"minecraft:cherry_leaves":49,"minecraft:sand":6,"minecraft:dirt":101,"minecraft:oak_leaves":8,"minecraft:fern":2},"minecraft:broken":{"minecraft:stone_pickaxe":1,"minecraft:iron_axe":2,"minecraft:stone_shovel":1},"minecraft:picked_up":{"minecraft:crafting_table":13,"minecraft:iron_chestplate":3,"minecraft:allium":89,"minecraft:gold_block":1,"minecraft:stripped_cherry_log":1,"minecraft:shield":2,"minecraft:iron_axe":2,"minecraft:raw_copper":4,"minecraft:cooked_salmon":1,"minecraft:iron_leggings":1,"minecraft:white_carpet":5,"biomesoplenty:fir_planks":40,"minecraft:beef":6,"minecraft:oak_boat":12,"minecraft:light_gray_wool":2,"minecraft:iron_pickaxe":1,"minecraft:spruce_slab":1,"minecraft:furnace":3,"minecraft:iron_boots":3,"minecraft:egg":3,"minecraft:stick":12,"minecraft:raw_iron":71,"minecraft:copper_ingot":1,"minecraft:torch":3,"minecraft:porkchop":7,"minecraft:cherry_log":20,"minecraft:cauldron":6,"minecraft:dark_oak_planks":5,"minecraft:rotten_flesh":13,"minecraft:arrow":2,"minecraft:stone_shovel":3,"minecraft:hay_block":12,"minecraft:saddle":1,"minecraft:gold_ingot":4,"minecraft:mutton":27,"minecraft:cobblestone":160,"minecraft:snowball":8,"minecraft:white_wool":14,"minecraft:water_bucket":1,"minecraft:andesite":5,"minecraft:leather":1,"minecraft:potato":11,"biomesoplenty:fir_sapling":6,"biomesoplenty:fir_log":154,"minecraft:flint":2,"minecraft:oak_log":28,"minecraft:lily_pad":13,"minecraft:golden_boots":1,"minecraft:dirt":359,"minecraft:bone":15,"minecraft:apple":4,"minecraft:wheat_seeds":44,"minecraft:stone_pickaxe":1,"minecraft:iron_ingot":25,"minecraft:oak_planks":66,"minecraft:dark_oak_slab":1,"minecraft:sweet_berries":8,"minecraft:gravel":9,"minecraft:sand":11,"minecraft:spruce_sapling":3,"minecraft:white_bed":6,"minecraft:spider_eye":2,"minecraft:pumpkin_seeds":2,"minecraft:diamond":4,"minecraft:stone_axe":3,"minecraft:iron_helmet":3,"minecraft:cherry_sapling":12,"minecraft:golden_apple":1,"minecraft:gray_wool":2,"minecraft:emerald":1,"minecraft:bread":31,"minecraft:light_gray_carpet":1,"minecraft:black_wool":1,"minecraft:coal":57,"minecraft:ender_pearl":1},"minecraft:crafted":{"minecraft:cherry_planks":4,"minecraft:oak_planks":112,"minecraft:stone_shovel":1,"minecraft:furnace":1,"minecraft:cooked_mutton":10,"minecraft:iron_boots":1,"minecraft:iron_axe":2,"minecraft:stone_pickaxe":2,"minecraft:chest":3,"minecraft:wheat":108,"minecraft:cooked_beef":4,"minecraft:cooked_porkchop":2,"minecraft:crafting_table":1,"minecraft:iron_helmet":1,"minecraft:wooden_pickaxe":1,"minecraft:cooked_salmon":2,"minecraft:stone_axe":1,"minecraft:bread":52,"minecraft:air":0,"biomesoplenty:fir_planks":300,"minecraft:oak_boat":4,"minecraft:iron_chestplate":1,"minecraft:stick":32,"minecraft:iron_ingot":46,"minecraft:iron_pickaxe":1,"minecraft:wooden_axe":1,"minecraft:iron_shovel":1,"minecraft:iron_leggings":1,"minecraft:gold_ingot":9,"minecraft:torch":64}},"DataVersion":3700}