{"stats":{"minecraft:picked_up":{"minecraft:stick":1,"minecraft:crafting_table":3,"minecraft:leather":1,"minecraft:gravel":1,"minecraft:porkchop":7,"minecraft:oak_log":22,"minecraft:dirt":3,"minecraft:raw_copper":4,"minecraft:wheat_seeds":1,"minecraft:beef":4,"minecraft:black_wool":1,"minecraft:mutton":5,"minecraft:oak_planks":3,"minecraft:coal":37,"minecraft:egg":1,"minecraft:white_wool":2,"minecraft:cobblestone":17,"minecraft:furnace":1},"minecraft:killed":{"minecraft:sheep":3,"minecraft:pig":4,"minecraft:cow":2},"minecraft:dropped":{"minecraft:wheat_seeds":1,"minecraft:cobblestone":3,"minecraft:oak_planks":3},"minecraft:used":{"minecraft:wooden_axe":32,"minecraft:stone_pickaxe":50,"minecraft:wooden_pickaxe":3,"minecraft:white_wool":2,"minecraft:torch":6,"minecraft:stone_axe":8,"minecraft:dirt":1,"minecraft:mutton":2,"minecraft:crafting_table":3,"minecraft:cooked_porkchop":1,"minecraft:furnace":1,"minecraft:porkchop":5,"minecraft:cooked_beef":1},"minecraft:custom":{"minecraft:time_since_rest":20660,"minecraft:interact_with_furnace":8,"minecraft:sprint_one_cm":75205,"minecraft:damage_taken":258,"minecraft:walk_one_cm":56930,"minecraft:mob_kills":9,"minecraft:drop":5,"minecraft:damage_dealt":956,"minecraft:interact_with_crafting_table":5,"minecraft:swim_one_cm":31755,"minecraft:fly_one_cm":56866,"minecraft:crouch_one_cm":970,"minecraft:play_time":20660,"minecraft:sneak_time":410,"minecraft:walk_under_water_one_cm":4496,"minecraft:jump":360,"minecraft:walk_on_water_one_cm":5543,"minecraft:time_since_death":20660,"minecraft:total_world_time":20660,"minecraft:fall_one_cm":6800},"minecraft:mined":{"minecraft:furnace":1,"minecraft:crafting_table":3,"minecraft:short_grass":1,"minecraft:coal_ore":37,"minecraft:grass_block":1,"minecraft:oak_log":23,"minecraft:stone":15,"minecraft:oak_leaves":2},"minecraft:crafted":{"minecraft:cooked_beef":4,"minecraft:oak_planks":20,"minecraft:cooked_porkchop":2,"minecraft:crafting_table":1,"minecraft:stick":20,"minecraft:wooden_pickaxe":1,"minecraft:stone_pickaxe":1,"minecraft:wooden_axe":1,"minecraft:furnace":1,"minecraft:cooked_salmon":2,"minecraft:torch":20,"minecraft:stone_axe":1,"minecraft:air":0}},"DataVersion":3700}