{"stats":{"minecraft:custom":{"minecraft:interact_with_furnace":29,"minecraft:mob_kills":14,"minecraft:interact_with_crafting_table":13,"minecraft:leave_game":2,"minecraft:time_since_death":59783,"minecraft:time_since_rest":59783,"minecraft:sprint_one_cm":220751,"minecraft:damage_taken":591,"minecraft:walk_one_cm":169510,"minecraft:damage_blocked_by_shield":60,"minecraft:drop":5,"minecraft:damage_dealt":1946,"minecraft:swim_one_cm":32030,"minecraft:fly_one_cm":141367,"minecraft:open_chest":4,"minecraft:crouch_one_cm":6117,"minecraft:play_time":59783,"minecraft:sneak_time":2818,"minecraft:walk_under_water_one_cm":6797,"minecraft:jump":1065,"minecraft:walk_on_water_one_cm":8049,"minecraft:total_world_time":59783,"minecraft:fall_one_cm":20096},"minecraft:picked_up":{"minecraft:crafting_table":4,"minecraft:andesite":5,"minecraft:leather":1,"minecraft:oak_log":22,"minecraft:shield":1,"minecraft:dirt":3,"minecraft:raw_copper":4,"minecraft:wheat_seeds":1,"minecraft:beef":4,"minecraft:oak_planks":3,"minecraft:egg":1,"minecraft:furnace":3,"minecraft:stick":1,"minecraft:raw_iron":63,"minecraft:torch":3,"minecraft:gravel":1,"minecraft:porkchop":7,"minecraft:rotten_flesh":3,"minecraft:coal":44,"minecraft:black_wool":1,"minecraft:mutton":5,"minecraft:white_wool":2,"minecraft:cobblestone":95,"minecraft:ender_pearl":1},"minecraft:killed":{"minecraft:pig":4,"minecraft:spider":1,"minecraft:sheep":3,"minecraft:zombie":3,"minecraft:enderman":1,"minecraft:cow":2},"minecraft:used":{"minecraft:cooked_mutton":3,"minecraft:stone_pickaxe":226,"minecraft:shield":1,"minecraft:wooden_pickaxe":3,"minecraft:iron_chestplate":1,"minecraft:white_wool":2,"minecraft:torch":39,"minecraft:dirt":1,"minecraft:mutton":2,"minecraft:crafting_table":5,"minecraft:wooden_axe":32,"minecraft:apple":1,"minecraft:iron_helmet":1,"minecraft:iron_boots":1,"minecraft:stone_axe":35,"minecraft:cobblestone":19,"minecraft:cooked_porkchop":2,"minecraft:furnace":4,"minecraft:porkchop":5,"minecraft:cooked_beef":4,"minecraft:iron_leggings":1},"minecraft:broken":{"minecraft:stone_pickaxe":1},"minecraft:dropped":{"minecraft:wheat_seeds":1,"minecraft:cobblestone":3,"minecraft:oak_planks":3},"minecraft:mined":{"minecraft:crafting_table":4,"minecraft:torch":3,"minecraft:short_grass":1,"minecraft:grass_block":1,"minecraft:cobblestone":16,"minecraft:furnace":3,"minecraft:iron_ore":67,"minecraft:andesite":5,"minecraft:oak_log":23,"minecraft:coal_ore":44,"minecraft:stone":88,"minecraft:oak_leaves":4},"minecraft:crafted":{"minecraft:cooked_beef":4,"minecraft:oak_planks":20,"minecraft:cooked_porkchop":2,"minecraft:crafting_table":1,"minecraft:wooden_pickaxe":1,"minecraft:iron_helmet":1,"minecraft:furnace":1,"minecraft:cooked_salmon":2,"minecraft:stone_axe":1,"minecraft:cooked_mutton":3,"minecraft:air":0,"minecraft:iron_boots":1,"minecraft:iron_chestplate":1,"minecraft:stick":20,"minecraft:iron_ingot":45,"minecraft:stone_pickaxe":2,"minecraft:wooden_axe":1,"minecraft:iron_leggings":1,"minecraft:torch":36}},"DataVersion":3700}