{"stats":{"minecraft:picked_up":{"minecraft:iron_chestplate":1,"minecraft:wheat":61,"minecraft:string":9,"minecraft:raw_copper":52,"minecraft:soul_soil":15,"minecraft:cooked_salmon":1,"minecraft:iron_leggings":1,"minecraft:cobbled_deepslate":5,"biomesoplenty:fir_planks":15,"minecraft:bucket":1,"minecraft:iron_pickaxe":2,"minecraft:furnace":31,"minecraft:iron_boots":1,"minecraft:stick":183,"minecraft:composter":8,"minecraft:oak_fence":15,"minecraft:torch":95,"minecraft:porkchop":19,"minecraft:pointed_dripstone":2,"minecraft:rotten_flesh":32,"minecraft:obsidian":4,"minecraft:cobblestone":3084,"minecraft:sponge":3,"minecraft:feather":7,"minecraft:cooked_beef":19,"minecraft:andesite":1,"minecraft:smoker":12,"minecraft:potato":1277,"biomesoplenty:fir_sapling":62,"biomesoplenty:fir_log":900,"minecraft:flint":2,"minecraft:tuff":6,"minecraft:dirt":1430,"minecraft:lapis_lazuli":312,"minecraft:bone":24,"minecraft:bow":4,"minecraft:wheat_seeds":196,"minecraft:raw_gold":14,"minecraft:rabbit":2,"minecraft:oak_planks":25,"minecraft:poisonous_potato":10,"biomesoplenty:fir_fence":2,"minecraft:granite":19,"minecraft:bone_meal":172,"minecraft:emerald":2,"minecraft:bread":47,"minecraft:oak_sapling":77,"minecraft:diamond_pickaxe":1,"minecraft:netherrack":20,"minecraft:oak_leaves":652,"minecraft:crimson_roots":2,"minecraft:crafting_table":16,"minecraft:allium":6,"minecraft:chicken":2,"minecraft:shield":1,"minecraft:iron_axe":3,"minecraft:beef":72,"minecraft:sugar_cane":143,"minecraft:chest":4,"minecraft:egg":7,"minecraft:raw_iron":263,"minecraft:stone":391,"minecraft:oak_door":3,"minecraft:redstone":47,"minecraft:arrow":139,"minecraft:beetroot_seeds":29,"minecraft:pumpkin_pie":63,"biomesoplenty:fir_leaves":2151,"minecraft:shears":1,"minecraft:mutton":14,"minecraft:white_wool":12,"minecraft:bone_block":87,"minecraft:stripped_oak_log":5,"minecraft:basalt":8,"minecraft:glow_ink_sac":1,"minecraft:salmon":9,"minecraft:leather":28,"minecraft:oak_log":112,"minecraft:gunpowder":7,"minecraft:apple":11,"minecraft:stone_bricks":1,"minecraft:rabbit_hide":1,"minecraft:iron_ingot":5,"minecraft:cobweb":7,"minecraft:iron_sword":3,"minecraft:soul_sand":7,"minecraft:pumpkin":3,"minecraft:dandelion":3,"minecraft:white_bed":3,"minecraft:spider_eye":2,"minecraft:short_grass":1,"minecraft:iron_helmet":1,"minecraft:baked_potato":352,"minecraft:coal":579},"minecraft:killed_by":{"minecraft:zombie":1,"minecraft:skeleton":1},"minecraft:mined":{"minecraft:white_bed":3,"minecraft:obsidian":4,"minecraft:granite":18,"minecraft:grass_block":577,"minecraft:soul_soil":7,"minecraft:composter":8,"minecraft:tall_seagrass":2,"minecraft:iron_ore":225,"minecraft:pumpkin":7,"minecraft:deepslate_lapis_ore":9,"minecraft:pointed_dripstone":1,"biomesoplenty:yellow_maple_leaves":2,"biomesoplenty:webbing":1,"biomesoplenty:medium_rose_quartz_bud":1,"minecraft:smoker":12,"minecraft:soul_fire":40,"minecraft:torch":24,"minecraft:chest":4,"minecraft:cobblestone":37,"minecraft:sugar_cane":104,"minecraft:oak_planks":14,"minecraft:wall_torch":10,"minecraft:wheat":62,"biomesoplenty:large_rose_quartz_bud":3,"biomesoplenty:fir_log":943,"minecraft:oak_log":109,"minecraft:dirt":1214,"biomesoplenty:fir_sapling":6,"minecraft:netherrack":28,"minecraft:oak_leaves":702,"minecraft:deepslate":10,"minecraft:tuff":4,"minecraft:oak_door":1,"minecraft:allium":4,"minecraft:crimson_roots":2,"minecraft:furnace":31,"minecraft:andesite":4,"minecraft:potatoes":407,"minecraft:deepslate_iron_ore":38,"minecraft:stone":3363,"minecraft:bone_block":76,"minecraft:white_wool":2,"minecraft:basalt":8,"minecraft:dandelion":1,"minecraft:oak_fence":15,"minecraft:crafting_table":15,"minecraft:short_grass":70,"minecraft:emerald_ore":2,"minecraft:tall_grass":4,"minecraft:copper_ore":10,"minecraft:lapis_ore":16,"biomesoplenty:sprout":3,"minecraft:deepslate_gold_ore":8,"minecraft:diorite":1,"biomesoplenty:fir_fence":2,"minecraft:coal_ore":357,"biomesoplenty:fir_leaves":2481,"biomesoplenty:stringy_cobweb":4,"minecraft:cobweb":9,"minecraft:stone_bricks":1,"minecraft:gold_ore":6,"minecraft:fern":4},"minecraft:broken":{"minecraft:iron_shovel":6,"minecraft:shears":13,"minecraft:stone_pickaxe":7,"minecraft:iron_axe":3,"minecraft:iron_pickaxe":12},"minecraft:used":{"minecraft:iron_shovel":1708,"minecraft:chest":13,"minecraft:shield":71,"minecraft:stone":27,"minecraft:iron_sword":305,"minecraft:rotten_flesh":22,"minecraft:soul_sand":7,"minecraft:allium":6,"minecraft:tuff":2,"minecraft:obsidian":1,"biomesoplenty:fir_sapling":52,"minecraft:iron_helmet":1,"minecraft:crimson_roots":2,"minecraft:stone_bricks":1,"minecraft:bow":112,"minecraft:furnace":40,"minecraft:oak_sapling":61,"minecraft:beetroot_seeds":29,"minecraft:egg":3,"minecraft:potato":746,"biomesoplenty:fir_fence":38,"minecraft:short_grass":1,"minecraft:stone_pickaxe":921,"minecraft:oak_planks":66,"biomesoplenty:fir_leaves":2143,"minecraft:wooden_pickaxe":27,"minecraft:composter":9,"minecraft:sugar_cane":22,"minecraft:oak_leaves":646,"minecraft:white_wool":2,"minecraft:golden_apple":1,"minecraft:shears":3127,"minecraft:bread":49,"minecraft:cooked_rabbit":2,"minecraft:andesite":1,"minecraft:oak_boat":1,"minecraft:bone_meal":28,"minecraft:cobweb":1,"minecraft:oak_fence":57,"minecraft:enchanting_table":1,"minecraft:stone_sword":49,"minecraft:flint_and_steel":1,"minecraft:cooked_salmon":7,"minecraft:cooked_chicken":2,"minecraft:netherrack":20,"minecraft:oak_door":2,"minecraft:torch":475,"minecraft:dirt":234,"minecraft:granite":18,"minecraft:iron_hoe":230,"minecraft:bookshelf":9,"minecraft:iron_axe":1064,"minecraft:basalt":8,"minecraft:soul_soil":9,"minecraft:cooked_beef":14,"minecraft:iron_leggings":1,"minecraft:wheat_seeds":119,"minecraft:cooked_mutton":9,"minecraft:water_bucket":54,"minecraft:baked_potato":15,"minecraft:fletching_table":1,"minecraft:crafting_table":20,"minecraft:spider_eye":1,"minecraft:white_bed":5,"minecraft:smoker":12,"minecraft:diamond_pickaxe":12,"minecraft:iron_pickaxe":3326,"minecraft:stone_axe":91,"minecraft:cobblestone":182,"minecraft:cooked_porkchop":15,"minecraft:porkchop":4,"minecraft:bucket":55,"minecraft:pumpkin_pie":35,"biomesoplenty:fir_log":98,"minecraft:dandelion":3},"minecraft:custom":{"minecraft:animals_bred":27,"minecraft:interact_with_crafting_table":130,"minecraft:leave_game":14,"minecraft:time_since_death":41815,"minecraft:sprint_one_cm":1579353,"minecraft:damage_blocked_by_shield":2748,"minecraft:drop":150,"minecraft:talked_to_villager":68,"minecraft:play_time":550667,"minecraft:deaths":2,"minecraft:jump":12925,"minecraft:walk_on_water_one_cm":31811,"minecraft:enchant_item":5,"minecraft:interact_with_furnace":362,"minecraft:traded_with_villager":194,"minecraft:sleep_in_bed":19,"minecraft:damage_dealt":17922,"minecraft:player_kills":1,"minecraft:crouch_one_cm":429345,"minecraft:interact_with_smoker":47,"minecraft:horse_one_cm":363,"minecraft:interact_with_smithing_table":1,"minecraft:mob_kills":149,"minecraft:walk_one_cm":904288,"minecraft:sneak_time":107916,"minecraft:walk_under_water_one_cm":22605,"minecraft:boat_one_cm":615,"minecraft:total_world_time":550667,"minecraft:interact_with_stonecutter":3,"minecraft:time_since_rest":36871,"minecraft:damage_taken":6870,"minecraft:damage_absorbed":40,"minecraft:swim_one_cm":49584,"minecraft:fly_one_cm":2570887,"minecraft:open_chest":437,"minecraft:fall_one_cm":321755},"minecraft:killed":{"minecraft:cave_spider":4,"minecraft:spider":4,"minecraft:skeleton":25,"minecraft:chicken":2,"minecraft:piglin":1,"minecraft:pig":9,"minecraft:zombie_villager":1,"minecraft:salmon":9,"minecraft:creeper":15,"minecraft:sheep":10,"minecraft:zombie":28,"minecraft:ghast":5,"minecraft:cow":31,"minecraft:phantom":1,"minecraft:rabbit":2,"minecraft:bat":1},"minecraft:crafted":{"minecraft:oak_planks":328,"minecraft:cooked_chicken":2,"minecraft:stone":590,"minecraft:bookshelf":14,"minecraft:cooked_mutton":14,"minecraft:bow":1,"minecraft:iron_boots":1,"biomesoplenty:fir_slab":42,"minecraft:chest":9,"minecraft:oak_fence":51,"minecraft:cooked_rabbit":2,"minecraft:smoker":8,"minecraft:arrow":192,"minecraft:emerald":171,"minecraft:cooked_porkchop":15,"minecraft:crafting_table":7,"minecraft:wooden_pickaxe":1,"minecraft:baked_potato":51,"minecraft:iron_helmet":1,"minecraft:copper_ingot":38,"minecraft:fletching_table":1,"biomesoplenty:fir_planks":2936,"minecraft:iron_chestplate":1,"minecraft:book":26,"minecraft:paper":117,"minecraft:charcoal":4,"minecraft:emerald_block":11,"minecraft:shield":2,"minecraft:stick":5745,"minecraft:iron_ingot":308,"minecraft:iron_pickaxe":15,"minecraft:iron_block":15,"minecraft:stone_sword":1,"minecraft:gold_ingot":14,"minecraft:composter":5,"minecraft:shears":14,"minecraft:cherry_planks":24,"minecraft:oak_door":3,"minecraft:coal":27,"minecraft:furnace":19,"minecraft:flint_and_steel":1,"minecraft:iron_axe":6,"minecraft:iron_hoe":2,"minecraft:stone_pickaxe":10,"minecraft:cooked_beef":53,"minecraft:coal_block":17,"minecraft:enchanting_table":1,"minecraft:iron_sword":3,"minecraft:cooked_salmon":6,"minecraft:bucket":2,"minecraft:stone_axe":2,"minecraft:air":0,"minecraft:oak_boat":1,"biomesoplenty:fir_fence":36,"minecraft:iron_shovel":7,"minecraft:iron_leggings":1,"minecraft:white_bed":2,"minecraft:pumpkin_pie":20,"minecraft:torch":504},"minecraft:dropped":{"biomesoplenty:fir_log":63,"minecraft:iron_sword":1,"minecraft:lapis_lazuli":79,"minecraft:cooked_beef":9,"minecraft:glow_ink_sac":1,"minecraft:flint":2,"minecraft:dirt":4,"minecraft:bone_meal":105,"minecraft:bone_block":87,"minecraft:iron_pickaxe":3,"minecraft:white_wool":2,"minecraft:bone":13,"minecraft:oak_door":4,"minecraft:cobbled_deepslate":3,"minecraft:rotten_flesh":1,"minecraft:oak_leaves":6,"minecraft:egg":4,"minecraft:iron_ingot":12,"minecraft:wheat_seeds":15,"minecraft:bookshelf":2,"minecraft:feather":6,"minecraft:cobblestone":985,"minecraft:granite":1,"minecraft:copper_ingot":3,"biomesoplenty:fir_slab":4,"minecraft:stick":164,"minecraft:torch":2,"minecraft:iron_shovel":1,"minecraft:string":3,"minecraft:soul_soil":6,"minecraft:tuff":2,"minecraft:iron_hoe":1,"minecraft:stripped_oak_log":3,"minecraft:shears":1,"minecraft:stone":775,"minecraft:shield":1,"biomesoplenty:fir_planks":19,"minecraft:oak_sapling":10,"biomesoplenty:fir_leaves":18,"minecraft:stone_pickaxe":2,"minecraft:wooden_pickaxe":1}},"DataVersion":3700}