{"stats":{"minecraft:killed":{"minecraft:pig":2,"minecraft:salmon":8,"minecraft:spider":2,"minecraft:creeper":1,"minecraft:sheep":4,"minecraft:skeleton":1,"minecraft:zombie":1,"minecraft:cow":4},"minecraft:picked_up":{"minecraft:crafting_table":4,"minecraft:feather":1,"minecraft:cooked_beef":1,"minecraft:salmon":5,"minecraft:leather":2,"biomesoplenty:fir_log":5,"minecraft:oak_log":40,"minecraft:gunpowder":1,"minecraft:dirt":4,"minecraft:string":2,"minecraft:bone":1,"minecraft:wheat_seeds":1,"minecraft:beef":9,"minecraft:oak_planks":16,"minecraft:furnace":2,"minecraft:raw_iron":2,"minecraft:oak_door":1,"minecraft:pumpkin":3,"minecraft:torch":1,"minecraft:porkchop":5,"minecraft:spider_eye":1,"minecraft:arrow":1,"minecraft:rotten_flesh":2,"minecraft:mutton":5,"minecraft:coal":22,"minecraft:white_wool":6,"minecraft:cobblestone":46},"minecraft:dropped":{"minecraft:wooden_pickaxe":1},"minecraft:killed_by":{"minecraft:skeleton":1},"minecraft:used":{"minecraft:stone_sword":49,"minecraft:stone_pickaxe":42,"minecraft:oak_planks":24,"minecraft:wooden_pickaxe":27,"minecraft:cooked_salmon":1,"minecraft:oak_door":2,"minecraft:dirt":4,"minecraft:crafting_table":6,"minecraft:stone_axe":65,"minecraft:cobblestone":1,"minecraft:furnace":4,"minecraft:cooked_beef":7},"minecraft:custom":{"minecraft:interact_with_furnace":21,"minecraft:mob_kills":23,"minecraft:interact_with_crafting_table":11,"minecraft:time_since_death":8951,"minecraft:time_since_rest":8979,"minecraft:sprint_one_cm":89920,"minecraft:damage_taken":808,"minecraft:walk_one_cm":33576,"minecraft:drop":1,"minecraft:damage_dealt":2260,"minecraft:swim_one_cm":33235,"minecraft:fly_one_cm":135056,"minecraft:player_kills":1,"minecraft:crouch_one_cm":9781,"minecraft:play_time":23730,"minecraft:deaths":1,"minecraft:sneak_time":3598,"minecraft:walk_under_water_one_cm":6870,"minecraft:jump":741,"minecraft:walk_on_water_one_cm":7113,"minecraft:total_world_time":23730,"minecraft:fall_one_cm":18278},"minecraft:mined":{"minecraft:oak_door":1,"minecraft:crafting_table":4,"minecraft:torch":1,"minecraft:short_grass":5,"minecraft:grass_block":2,"biomesoplenty:sprout":3,"minecraft:oak_planks":6,"minecraft:tall_seagrass":1,"minecraft:furnace":2,"minecraft:iron_ore":2,"minecraft:pumpkin":7,"biomesoplenty:fir_log":5,"minecraft:oak_log":40,"minecraft:coal_ore":22,"biomesoplenty:fir_leaves":1,"biomesoplenty:yellow_maple_leaves":2,"minecraft:dirt":2,"minecraft:stone":43,"minecraft:white_wool":2,"minecraft:oak_leaves":4,"minecraft:fern":1},"minecraft:crafted":{"minecraft:cooked_beef":8,"minecraft:oak_door":3,"minecraft:oak_planks":88,"minecraft:crafting_table":3,"minecraft:wooden_pickaxe":1,"minecraft:furnace":2,"minecraft:cooked_salmon":1,"minecraft:stone_axe":2,"minecraft:cooked_mutton":5,"minecraft:air":0,"minecraft:charcoal":4,"minecraft:stick":16,"minecraft:stone_pickaxe":2,"minecraft:stone_sword":1,"minecraft:torch":4}},"DataVersion":3700}