{"stats":{"minecraft:custom":{"minecraft:mob_kills":96,"minecraft:interact_with_crafting_table":61,"minecraft:leave_game":7,"minecraft:time_since_death":254958,"minecraft:sprint_one_cm":692868,"minecraft:walk_one_cm":495515,"minecraft:damage_blocked_by_shield":1707,"minecraft:drop":65,"minecraft:talked_to_villager":1,"minecraft:play_time":269737,"minecraft:deaths":1,"minecraft:sneak_time":73461,"minecraft:walk_under_water_one_cm":10780,"minecraft:jump":5807,"minecraft:walk_on_water_one_cm":19966,"minecraft:total_world_time":269737,"minecraft:interact_with_furnace":323,"minecraft:interact_with_stonecutter":3,"minecraft:sleep_in_bed":7,"minecraft:time_since_rest":14346,"minecraft:damage_taken":4459,"minecraft:damage_absorbed":40,"minecraft:damage_dealt":13258,"minecraft:swim_one_cm":39791,"minecraft:fly_one_cm":1088635,"minecraft:player_kills":1,"minecraft:open_chest":95,"minecraft:crouch_one_cm":330428,"minecraft:fall_one_cm":155216},"minecraft:picked_up":{"minecraft:crafting_table":14,"minecraft:allium":3,"minecraft:chicken":2,"minecraft:iron_axe":1,"minecraft:string":8,"minecraft:raw_copper":52,"minecraft:cooked_salmon":1,"minecraft:cobbled_deepslate":3,"biomesoplenty:fir_planks":2,"minecraft:beef":22,"minecraft:iron_pickaxe":1,"minecraft:chest":3,"minecraft:egg":3,"minecraft:furnace":23,"minecraft:stick":3,"minecraft:raw_iron":216,"minecraft:stone":210,"minecraft:oak_door":1,"minecraft:torch":21,"minecraft:porkchop":15,"minecraft:arrow":11,"minecraft:rotten_flesh":26,"minecraft:mutton":14,"minecraft:white_wool":12,"minecraft:cobblestone":3057,"minecraft:stripped_oak_log":2,"minecraft:feather":4,"minecraft:cooked_beef":1,"minecraft:glow_ink_sac":1,"minecraft:andesite":1,"minecraft:salmon":9,"minecraft:leather":11,"minecraft:potato":2,"biomesoplenty:fir_log":16,"minecraft:tuff":6,"minecraft:oak_log":43,"minecraft:gunpowder":5,"minecraft:lapis_lazuli":172,"minecraft:dirt":1386,"minecraft:bone":10,"minecraft:apple":1,"minecraft:stone_bricks":1,"minecraft:wheat_seeds":5,"minecraft:raw_gold":14,"minecraft:rabbit_hide":1,"minecraft:iron_ingot":3,"minecraft:cobweb":7,"minecraft:rabbit":2,"minecraft:iron_sword":1,"minecraft:oak_planks":19,"minecraft:pumpkin":3,"minecraft:dandelion":2,"minecraft:white_bed":1,"minecraft:spider_eye":2,"minecraft:granite":19,"minecraft:bone_meal":2,"minecraft:bread":11,"minecraft:oak_sapling":2,"minecraft:coal":443},"minecraft:killed":{"minecraft:cave_spider":4,"minecraft:spider":4,"minecraft:phantom":1,"minecraft:skeleton":9,"minecraft:chicken":2,"minecraft:pig":7,"minecraft:zombie_villager":1,"minecraft:salmon":9,"minecraft:rabbit":2,"minecraft:bat":1,"minecraft:creeper":12,"minecraft:sheep":10,"minecraft:zombie":23,"minecraft:cow":11},"minecraft:broken":{"minecraft:iron_shovel":6,"minecraft:stone_pickaxe":7,"minecraft:iron_pickaxe":12},"minecraft:used":{"minecraft:stone_sword":49,"minecraft:iron_shovel":1708,"minecraft:chest":5,"minecraft:shield":31,"minecraft:stone":27,"minecraft:iron_sword":210,"minecraft:cooked_salmon":7,"minecraft:cooked_chicken":2,"minecraft:rotten_flesh":21,"minecraft:oak_door":2,"minecraft:torch":425,"minecraft:dirt":203,"minecraft:allium":3,"minecraft:tuff":2,"minecraft:granite":18,"minecraft:iron_hoe":84,"biomesoplenty:fir_sapling":6,"minecraft:iron_axe":4,"minecraft:stone_bricks":1,"minecraft:oak_sapling":1,"minecraft:furnace":32,"minecraft:egg":2,"minecraft:potato":50,"minecraft:cooked_beef":12,"minecraft:wheat_seeds":7,"minecraft:cooked_mutton":9,"minecraft:water_bucket":5,"minecraft:stone_pickaxe":921,"minecraft:baked_potato":5,"minecraft:oak_planks":35,"minecraft:wooden_pickaxe":27,"minecraft:composter":1,"minecraft:white_wool":2,"minecraft:golden_apple":1,"minecraft:crafting_table":19,"minecraft:spider_eye":1,"minecraft:white_bed":2,"minecraft:shears":7,"minecraft:bread":13,"minecraft:iron_pickaxe":3090,"minecraft:stone_axe":91,"minecraft:cobblestone":164,"minecraft:cooked_porkchop":15,"minecraft:bucket":5,"minecraft:cooked_rabbit":2,"minecraft:andesite":1,"minecraft:dandelion":2,"minecraft:cobweb":1},"minecraft:dropped":{"minecraft:iron_ingot":3,"minecraft:iron_sword":1,"minecraft:wheat_seeds":4,"minecraft:cooked_beef":9,"minecraft:cobblestone":985,"minecraft:granite":1,"minecraft:dirt":4,"minecraft:torch":2,"minecraft:bone_meal":2,"minecraft:iron_pickaxe":2,"minecraft:iron_shovel":1,"minecraft:string":3,"minecraft:bone":9,"minecraft:cobbled_deepslate":3,"minecraft:tuff":2,"minecraft:rotten_flesh":1,"minecraft:iron_hoe":1,"minecraft:shears":1,"minecraft:stone":413,"minecraft:shield":1,"minecraft:oak_sapling":1,"minecraft:wooden_pickaxe":1,"minecraft:stone_pickaxe":2},"minecraft:killed_by":{"minecraft:skeleton":1},"minecraft:mined":{"minecraft:tuff":4,"minecraft:white_bed":1,"minecraft:oak_door":1,"minecraft:granite":18,"minecraft:allium":1,"minecraft:grass_block":546,"minecraft:tall_seagrass":2,"minecraft:furnace":23,"minecraft:iron_ore":178,"minecraft:andesite":4,"minecraft:pumpkin":7,"minecraft:deepslate_lapis_ore":9,"minecraft:deepslate_iron_ore":38,"biomesoplenty:yellow_maple_leaves":2,"minecraft:stone":3348,"minecraft:white_wool":2,"minecraft:dandelion":1,"minecraft:crafting_table":14,"minecraft:torch":9,"minecraft:short_grass":12,"minecraft:chest":3,"minecraft:cobblestone":25,"minecraft:copper_ore":10,"minecraft:deepslate_gold_ore":8,"biomesoplenty:sprout":3,"minecraft:lapis_ore":16,"minecraft:oak_planks":7,"minecraft:wall_torch":6,"biomesoplenty:fir_log":16,"minecraft:oak_log":40,"minecraft:coal_ore":332,"biomesoplenty:fir_leaves":1,"minecraft:dirt":1201,"minecraft:cobweb":8,"minecraft:stone_bricks":1,"minecraft:gold_ore":6,"minecraft:oak_leaves":16,"minecraft:deepslate":6,"minecraft:fern":4},"minecraft:crafted":{"minecraft:oak_door":3,"minecraft:oak_planks":180,"minecraft:coal":18,"minecraft:cooked_chicken":2,"minecraft:furnace":11,"minecraft:stone":590,"minecraft:cooked_mutton":14,"minecraft:bow":1,"minecraft:iron_boots":1,"minecraft:iron_axe":1,"biomesoplenty:fir_slab":12,"minecraft:iron_hoe":2,"minecraft:stone_pickaxe":10,"minecraft:chest":2,"minecraft:cooked_rabbit":2,"minecraft:cooked_beef":21,"minecraft:coal_block":17,"minecraft:cooked_porkchop":15,"minecraft:crafting_table":6,"minecraft:wooden_pickaxe":1,"minecraft:iron_helmet":1,"minecraft:iron_sword":1,"minecraft:cooked_salmon":6,"minecraft:copper_ingot":38,"minecraft:bucket":2,"minecraft:stone_axe":2,"minecraft:air":0,"biomesoplenty:fir_planks":44,"minecraft:iron_chestplate":1,"minecraft:charcoal":4,"minecraft:shield":2,"minecraft:stick":184,"minecraft:iron_pickaxe":14,"minecraft:iron_ingot":216,"minecraft:iron_block":10,"minecraft:stone_sword":1,"minecraft:iron_leggings":1,"minecraft:iron_shovel":7,"minecraft:gold_ingot":14,"minecraft:white_bed":2,"minecraft:composter":1,"minecraft:torch":424,"minecraft:shears":1}},"DataVersion":3700}