{"stats":{"minecraft:killed":{"minecraft:pig":2,"minecraft:salmon":9,"minecraft:spider":2,"minecraft:creeper":1,"minecraft:sheep":4,"minecraft:skeleton":1,"minecraft:zombie":2,"minecraft:cow":4},"minecraft:picked_up":{"minecraft:crafting_table":9,"minecraft:feather":1,"minecraft:cooked_beef":1,"minecraft:salmon":9,"minecraft:leather":2,"biomesoplenty:fir_log":5,"minecraft:oak_log":40,"minecraft:gunpowder":1,"minecraft:dirt":4,"minecraft:string":3,"minecraft:cooked_salmon":1,"minecraft:bone":1,"minecraft:wheat_seeds":1,"minecraft:iron_ingot":1,"minecraft:beef":9,"minecraft:oak_planks":17,"minecraft:furnace":5,"minecraft:raw_iron":17,"minecraft:oak_door":1,"minecraft:pumpkin":3,"minecraft:torch":1,"minecraft:porkchop":5,"minecraft:spider_eye":1,"minecraft:arrow":1,"minecraft:rotten_flesh":3,"minecraft:mutton":5,"minecraft:coal":54,"minecraft:white_wool":6,"minecraft:cobblestone":88},"minecraft:dropped":{"minecraft:shield":1,"minecraft:wooden_pickaxe":1},"minecraft:killed_by":{"minecraft:skeleton":1},"minecraft:used":{"minecraft:stone_sword":49,"minecraft:stone_pickaxe":97,"minecraft:oak_planks":35,"minecraft:shield":5,"minecraft:wooden_pickaxe":27,"minecraft:iron_sword":8,"minecraft:cooked_salmon":7,"minecraft:oak_door":2,"minecraft:white_wool":2,"minecraft:torch":16,"minecraft:dirt":4,"minecraft:crafting_table":11,"minecraft:stone_axe":73,"minecraft:cobblestone":2,"minecraft:furnace":7,"minecraft:cooked_beef":7},"minecraft:custom":{"minecraft:interact_with_furnace":59,"minecraft:mob_kills":25,"minecraft:interact_with_crafting_table":18,"minecraft:time_since_death":20951,"minecraft:time_since_rest":20979,"minecraft:sprint_one_cm":117592,"minecraft:damage_taken":1253,"minecraft:walk_one_cm":52277,"minecraft:damage_blocked_by_shield":237,"minecraft:drop":2,"minecraft:damage_dealt":2888,"minecraft:swim_one_cm":36967,"minecraft:fly_one_cm":178754,"minecraft:player_kills":1,"minecraft:crouch_one_cm":17542,"minecraft:play_time":35730,"minecraft:deaths":1,"minecraft:sneak_time":6153,"minecraft:walk_under_water_one_cm":8535,"minecraft:jump":996,"minecraft:walk_on_water_one_cm":8253,"minecraft:total_world_time":35730,"minecraft:fall_one_cm":26374},"minecraft:mined":{"minecraft:oak_door":1,"minecraft:crafting_table":9,"minecraft:torch":1,"minecraft:short_grass":5,"minecraft:grass_block":2,"minecraft:cobblestone":1,"biomesoplenty:sprout":3,"minecraft:oak_planks":6,"minecraft:tall_seagrass":2,"minecraft:furnace":5,"minecraft:iron_ore":17,"minecraft:pumpkin":7,"biomesoplenty:fir_log":5,"minecraft:oak_log":40,"minecraft:coal_ore":22,"biomesoplenty:fir_leaves":1,"biomesoplenty:yellow_maple_leaves":2,"minecraft:dirt":2,"minecraft:stone":79,"minecraft:white_wool":2,"minecraft:oak_leaves":4,"minecraft:fern":1},"minecraft:crafted":{"minecraft:cooked_beef":8,"minecraft:oak_door":3,"minecraft:oak_planks":160,"minecraft:cooked_porkchop":5,"minecraft:crafting_table":4,"minecraft:wooden_pickaxe":1,"minecraft:iron_sword":1,"minecraft:furnace":2,"minecraft:cooked_salmon":6,"minecraft:stone_axe":2,"minecraft:cooked_mutton":5,"minecraft:air":0,"minecraft:iron_chestplate":1,"minecraft:charcoal":4,"minecraft:shield":2,"minecraft:stick":20,"minecraft:iron_ingot":18,"minecraft:stone_pickaxe":2,"minecraft:stone_sword":1,"minecraft:iron_leggings":1,"minecraft:torch":20}},"DataVersion":3700}