{"stats":{"minecraft:dropped":{"minecraft:shield":1,"minecraft:wooden_pickaxe":1},"minecraft:custom":{"minecraft:interact_with_furnace":121,"minecraft:mob_kills":30,"minecraft:interact_with_crafting_table":26,"minecraft:leave_game":1,"minecraft:time_since_death":57999,"minecraft:sleep_in_bed":2,"minecraft:time_since_rest":716,"minecraft:sprint_one_cm":182806,"minecraft:damage_taken":1673,"minecraft:walk_one_cm":92549,"minecraft:damage_blocked_by_shield":237,"minecraft:drop":2,"minecraft:damage_dealt":3388,"minecraft:swim_one_cm":37929,"minecraft:fly_one_cm":290846,"minecraft:player_kills":1,"minecraft:open_chest":11,"minecraft:crouch_one_cm":72860,"minecraft:play_time":72778,"minecraft:deaths":1,"minecraft:sneak_time":18560,"minecraft:walk_under_water_one_cm":9151,"minecraft:jump":1665,"minecraft:walk_on_water_one_cm":9611,"minecraft:total_world_time":72778,"minecraft:fall_one_cm":49357},"minecraft:broken":{"minecraft:stone_pickaxe":1,"minecraft:iron_shovel":3},"minecraft:used":{"minecraft:cooked_mutton":1,"minecraft:stone_sword":49,"minecraft:iron_shovel":751,"minecraft:stone_pickaxe":133,"minecraft:oak_planks":35,"minecraft:chest":5,"minecraft:wooden_pickaxe":27,"minecraft:shield":5,"minecraft:iron_sword":18,"minecraft:cooked_salmon":7,"minecraft:oak_door":2,"minecraft:white_wool":2,"minecraft:torch":58,"minecraft:dirt":9,"minecraft:crafting_table":13,"minecraft:tuff":1,"minecraft:iron_pickaxe":132,"minecraft:stone_axe":78,"minecraft:cobblestone":50,"minecraft:furnace":13,"minecraft:cooked_porkchop":5,"minecraft:cooked_rabbit":1,"minecraft:andesite":1,"minecraft:cooked_beef":7,"minecraft:dandelion":1},"minecraft:picked_up":{"minecraft:allium":2,"minecraft:crafting_table":10,"minecraft:feather":1,"minecraft:cooked_beef":1,"minecraft:andesite":1,"minecraft:salmon":9,"minecraft:leather":2,"biomesoplenty:fir_log":5,"minecraft:tuff":1,"minecraft:oak_log":40,"minecraft:gunpowder":1,"minecraft:lapis_lazuli":120,"minecraft:dirt":686,"minecraft:string":3,"minecraft:raw_copper":52,"minecraft:cooked_salmon":1,"minecraft:bone":1,"minecraft:wheat_seeds":2,"minecraft:raw_gold":6,"minecraft:rabbit_hide":1,"minecraft:iron_ingot":2,"minecraft:beef":9,"minecraft:rabbit":1,"minecraft:chest":3,"minecraft:oak_planks":18,"minecraft:furnace":9,"minecraft:raw_iron":81,"minecraft:oak_door":1,"minecraft:pumpkin":3,"minecraft:torch":2,"minecraft:dandelion":1,"minecraft:porkchop":5,"minecraft:spider_eye":1,"minecraft:arrow":1,"minecraft:rotten_flesh":3,"minecraft:mutton":6,"minecraft:coal":94,"minecraft:white_wool":7,"minecraft:cobblestone":114},"minecraft:killed":{"minecraft:pig":2,"minecraft:salmon":9,"minecraft:rabbit":1,"minecraft:spider":2,"minecraft:creeper":2,"minecraft:sheep":5,"minecraft:skeleton":1,"minecraft:zombie":4,"minecraft:cow":4},"minecraft:crafted":{"minecraft:cooked_beef":8,"minecraft:oak_door":3,"minecraft:oak_planks":160,"minecraft:cooked_porkchop":5,"minecraft:crafting_table":4,"minecraft:wooden_pickaxe":1,"minecraft:iron_helmet":1,"minecraft:iron_sword":1,"minecraft:furnace":4,"minecraft:cooked_salmon":6,"minecraft:copper_ingot":38,"minecraft:stone_axe":2,"minecraft:cooked_mutton":6,"minecraft:air":0,"minecraft:iron_boots":1,"minecraft:iron_chestplate":1,"minecraft:charcoal":4,"minecraft:shield":2,"minecraft:stick":52,"minecraft:iron_ingot":86,"minecraft:iron_pickaxe":1,"minecraft:stone_pickaxe":2,"minecraft:stone_sword":1,"minecraft:iron_shovel":7,"minecraft:chest":2,"minecraft:gold_ingot":6,"minecraft:iron_leggings":1,"minecraft:torch":92,"minecraft:cooked_rabbit":1},"minecraft:killed_by":{"minecraft:skeleton":1},"minecraft:mined":{"minecraft:tuff":1,"minecraft:oak_door":1,"minecraft:dandelion":1,"minecraft:crafting_table":10,"minecraft:torch":1,"minecraft:short_grass":6,"minecraft:grass_block":277,"minecraft:chest":3,"minecraft:copper_ore":10,"minecraft:cobblestone":3,"biomesoplenty:sprout":3,"minecraft:lapis_ore":16,"minecraft:oak_planks":6,"minecraft:wall_torch":1,"minecraft:tall_seagrass":2,"minecraft:furnace":9,"minecraft:iron_ore":78,"minecraft:andesite":4,"minecraft:pumpkin":7,"minecraft:deepslate_lapis_ore":2,"biomesoplenty:fir_log":5,"minecraft:oak_log":40,"minecraft:coal_ore":55,"minecraft:deepslate_iron_ore":3,"biomesoplenty:fir_leaves":1,"biomesoplenty:yellow_maple_leaves":2,"minecraft:dirt":483,"minecraft:stone":103,"minecraft:gold_ore":6,"minecraft:white_wool":2,"minecraft:oak_leaves":4,"minecraft:fern":1}},"DataVersion":3700}