{"stats":{"minecraft:dropped":{"minecraft:shield":1,"minecraft:wooden_pickaxe":1},"minecraft:custom":{"minecraft:interact_with_furnace":130,"minecraft:mob_kills":32,"minecraft:interact_with_crafting_table":31,"minecraft:leave_game":3,"minecraft:time_since_death":106231,"minecraft:sleep_in_bed":5,"minecraft:time_since_rest":3971,"minecraft:sprint_one_cm":257533,"minecraft:damage_taken":2218,"minecraft:walk_one_cm":237163,"minecraft:damage_blocked_by_shield":237,"minecraft:drop":2,"minecraft:damage_dealt":3735,"minecraft:player_kills":1,"minecraft:swim_one_cm":37929,"minecraft:talked_to_villager":1,"minecraft:fly_one_cm":425576,"minecraft:open_chest":40,"minecraft:crouch_one_cm":127847,"minecraft:play_time":121010,"minecraft:sneak_time":29892,"minecraft:deaths":1,"minecraft:walk_under_water_one_cm":9151,"minecraft:jump":2356,"minecraft:walk_on_water_one_cm":9611,"minecraft:total_world_time":121010,"minecraft:fall_one_cm":66429},"minecraft:broken":{"minecraft:stone_pickaxe":1,"minecraft:iron_shovel":6,"minecraft:iron_pickaxe":5},"minecraft:used":{"minecraft:cooked_mutton":1,"minecraft:stone_sword":49,"minecraft:iron_shovel":1708,"minecraft:stone_pickaxe":133,"minecraft:baked_potato":5,"minecraft:oak_planks":35,"minecraft:chest":5,"minecraft:wooden_pickaxe":27,"minecraft:shield":5,"minecraft:cooked_chicken":1,"minecraft:iron_sword":27,"minecraft:cooked_salmon":7,"minecraft:rotten_flesh":4,"minecraft:oak_door":2,"minecraft:white_wool":2,"minecraft:torch":91,"minecraft:dirt":126,"minecraft:crafting_table":13,"minecraft:allium":2,"minecraft:white_bed":1,"minecraft:tuff":1,"minecraft:bread":4,"minecraft:iron_pickaxe":1379,"minecraft:stone_axe":79,"minecraft:cobblestone":59,"minecraft:furnace":13,"minecraft:cooked_porkchop":5,"minecraft:cooked_rabbit":1,"minecraft:andesite":1,"minecraft:egg":1,"minecraft:cooked_beef":7,"minecraft:dandelion":2},"minecraft:picked_up":{"minecraft:crafting_table":10,"minecraft:allium":2,"minecraft:feather":2,"minecraft:cooked_beef":1,"minecraft:chicken":1,"minecraft:andesite":1,"minecraft:salmon":9,"minecraft:leather":2,"biomesoplenty:fir_log":5,"minecraft:tuff":1,"minecraft:oak_log":40,"minecraft:gunpowder":1,"minecraft:dirt":1372,"minecraft:lapis_lazuli":120,"minecraft:string":3,"minecraft:raw_copper":52,"minecraft:cooked_salmon":1,"minecraft:bone":1,"minecraft:wheat_seeds":4,"minecraft:raw_gold":6,"minecraft:rabbit_hide":1,"minecraft:iron_ingot":2,"minecraft:beef":9,"minecraft:iron_pickaxe":1,"minecraft:rabbit":1,"minecraft:chest":3,"minecraft:oak_planks":18,"minecraft:egg":1,"minecraft:furnace":9,"minecraft:raw_iron":85,"minecraft:oak_door":1,"minecraft:pumpkin":3,"minecraft:torch":5,"minecraft:dandelion":2,"minecraft:porkchop":5,"minecraft:spider_eye":1,"minecraft:arrow":1,"minecraft:rotten_flesh":6,"minecraft:granite":17,"minecraft:bread":4,"minecraft:mutton":6,"minecraft:coal":118,"minecraft:white_wool":7,"minecraft:cobblestone":1298},"minecraft:killed":{"minecraft:pig":2,"minecraft:salmon":9,"minecraft:rabbit":1,"minecraft:spider":2,"minecraft:creeper":2,"minecraft:sheep":5,"minecraft:skeleton":1,"minecraft:zombie":5,"minecraft:chicken":1,"minecraft:cow":4},"minecraft:crafted":{"minecraft:cooked_beef":8,"minecraft:oak_door":3,"minecraft:oak_planks":160,"minecraft:cooked_porkchop":5,"minecraft:crafting_table":4,"minecraft:cooked_chicken":1,"minecraft:wooden_pickaxe":1,"minecraft:iron_helmet":1,"minecraft:iron_sword":1,"minecraft:furnace":4,"minecraft:cooked_salmon":6,"minecraft:copper_ingot":38,"minecraft:stone_axe":2,"minecraft:cooked_mutton":6,"minecraft:air":0,"minecraft:iron_boots":1,"minecraft:iron_chestplate":1,"minecraft:charcoal":4,"minecraft:shield":2,"minecraft:stick":64,"minecraft:iron_ingot":86,"minecraft:iron_pickaxe":5,"minecraft:stone_pickaxe":2,"minecraft:white_bed":1,"minecraft:stone_sword":1,"minecraft:chest":2,"minecraft:iron_shovel":7,"minecraft:gold_ingot":6,"minecraft:iron_leggings":1,"minecraft:torch":92,"minecraft:cooked_rabbit":1},"minecraft:killed_by":{"minecraft:skeleton":1},"minecraft:mined":{"minecraft:tuff":1,"minecraft:oak_door":1,"minecraft:dandelion":1,"minecraft:crafting_table":10,"minecraft:torch":2,"minecraft:granite":17,"minecraft:short_grass":8,"minecraft:grass_block":540,"minecraft:chest":3,"minecraft:copper_ore":10,"minecraft:cobblestone":9,"biomesoplenty:sprout":3,"minecraft:lapis_ore":16,"minecraft:oak_planks":6,"minecraft:wall_torch":3,"minecraft:tall_seagrass":2,"minecraft:furnace":9,"minecraft:iron_ore":82,"minecraft:andesite":4,"minecraft:pumpkin":7,"minecraft:deepslate_lapis_ore":2,"biomesoplenty:fir_log":5,"minecraft:oak_log":40,"minecraft:coal_ore":78,"minecraft:deepslate_iron_ore":3,"biomesoplenty:fir_leaves":1,"biomesoplenty:yellow_maple_leaves":2,"minecraft:dirt":1193,"minecraft:stone":1295,"minecraft:gold_ore":6,"minecraft:white_wool":2,"minecraft:oak_leaves":4,"minecraft:fern":1}},"DataVersion":3700}