{"stats":{"minecraft:picked_up":{"minecraft:crafting_table":2,"minecraft:cooked_beef":1,"minecraft:pumpkin":3,"minecraft:leather":2,"minecraft:oak_log":17,"minecraft:dirt":3,"minecraft:bone":1,"minecraft:arrow":1,"minecraft:rotten_flesh":2,"minecraft:wheat_seeds":1,"minecraft:beef":9,"minecraft:mutton":5,"minecraft:oak_planks":15,"minecraft:white_wool":4,"minecraft:cobblestone":27,"minecraft:furnace":1},"minecraft:killed":{"minecraft:sheep":4,"minecraft:skeleton":1,"minecraft:zombie":1,"minecraft:cow":4},"minecraft:dropped":{"minecraft:wooden_pickaxe":1},"minecraft:used":{"minecraft:stone_sword":34,"minecraft:stone_pickaxe":1,"minecraft:oak_planks":23,"minecraft:wooden_pickaxe":27,"minecraft:stone_axe":26,"minecraft:dirt":3,"minecraft:cobblestone":1,"minecraft:crafting_table":3,"minecraft:furnace":2,"minecraft:cooked_beef":4},"minecraft:custom":{"minecraft:time_since_rest":11730,"minecraft:interact_with_furnace":15,"minecraft:sprint_one_cm":47369,"minecraft:damage_taken":323,"minecraft:walk_one_cm":11858,"minecraft:mob_kills":10,"minecraft:drop":1,"minecraft:damage_dealt":1279,"minecraft:player_kills":1,"minecraft:interact_with_crafting_table":5,"minecraft:swim_one_cm":5862,"minecraft:fly_one_cm":79848,"minecraft:crouch_one_cm":6026,"minecraft:play_time":11730,"minecraft:sneak_time":2134,"minecraft:walk_under_water_one_cm":225,"minecraft:jump":425,"minecraft:walk_on_water_one_cm":325,"minecraft:time_since_death":11730,"minecraft:total_world_time":11730,"minecraft:fall_one_cm":12056},"minecraft:mined":{"minecraft:furnace":1,"minecraft:pumpkin":7,"minecraft:crafting_table":2,"minecraft:short_grass":5,"minecraft:grass_block":1,"minecraft:oak_log":17,"biomesoplenty:yellow_maple_leaves":2,"minecraft:dirt":2,"biomesoplenty:sprout":3,"minecraft:stone":27,"minecraft:oak_planks":5,"minecraft:oak_leaves":4},"minecraft:crafted":{"minecraft:cooked_beef":8,"minecraft:oak_planks":68,"minecraft:crafting_table":2,"minecraft:stick":8,"minecraft:wooden_pickaxe":1,"minecraft:stone_pickaxe":1,"minecraft:stone_sword":1,"minecraft:furnace":1,"minecraft:stone_axe":1,"minecraft:cooked_mutton":4,"minecraft:air":0}},"DataVersion":3700}