{"stats":{"minecraft:picked_up":{"minecraft:crafting_table":11,"minecraft:allium":2,"minecraft:feather":4,"minecraft:cooked_beef":1,"minecraft:chicken":2,"minecraft:andesite":1,"minecraft:salmon":9,"minecraft:leather":4,"biomesoplenty:fir_log":16,"minecraft:tuff":1,"minecraft:oak_log":40,"minecraft:gunpowder":4,"minecraft:lapis_lazuli":120,"minecraft:dirt":1372,"minecraft:string":3,"minecraft:raw_copper":52,"minecraft:cooked_salmon":1,"minecraft:bone":10,"minecraft:wheat_seeds":5,"minecraft:raw_gold":6,"biomesoplenty:fir_planks":2,"minecraft:rabbit_hide":1,"minecraft:iron_ingot":2,"minecraft:beef":12,"minecraft:iron_pickaxe":1,"minecraft:rabbit":2,"minecraft:chest":3,"minecraft:oak_planks":18,"minecraft:furnace":19,"minecraft:egg":3,"minecraft:raw_iron":113,"minecraft:oak_door":1,"minecraft:pumpkin":3,"minecraft:torch":14,"minecraft:dandelion":2,"minecraft:porkchop":5,"minecraft:spider_eye":1,"minecraft:arrow":8,"minecraft:rotten_flesh":19,"minecraft:granite":18,"minecraft:bread":4,"minecraft:mutton":14,"minecraft:coal":192,"minecraft:white_wool":12,"minecraft:cobblestone":2351},"minecraft:custom":{"minecraft:interact_with_furnace":178,"minecraft:mob_kills":64,"minecraft:interact_with_crafting_table":36,"minecraft:leave_game":5,"minecraft:time_since_death":159927,"minecraft:sleep_in_bed":5,"minecraft:time_since_rest":57667,"minecraft:sprint_one_cm":419658,"minecraft:damage_taken":3231,"minecraft:walk_one_cm":302111,"minecraft:damage_blocked_by_shield":1587,"minecraft:drop":7,"minecraft:damage_dealt":8496,"minecraft:player_kills":1,"minecraft:swim_one_cm":38524,"minecraft:talked_to_villager":1,"minecraft:fly_one_cm":655165,"minecraft:open_chest":62,"minecraft:play_time":174706,"minecraft:crouch_one_cm":236951,"minecraft:sneak_time":51299,"minecraft:deaths":1,"minecraft:walk_under_water_one_cm":9151,"minecraft:jump":3590,"minecraft:walk_on_water_one_cm":12827,"minecraft:total_world_time":174706,"minecraft:fall_one_cm":99158},"minecraft:killed":{"minecraft:pig":2,"minecraft:zombie_villager":1,"minecraft:salmon":9,"minecraft:rabbit":2,"minecraft:spider":3,"minecraft:bat":1,"minecraft:creeper":6,"minecraft:skeleton":7,"minecraft:sheep":10,"minecraft:zombie":15,"minecraft:chicken":2,"minecraft:cow":6},"minecraft:used":{"minecraft:cooked_mutton":9,"minecraft:stone_sword":49,"minecraft:iron_shovel":1708,"minecraft:stone_pickaxe":265,"minecraft:baked_potato":5,"minecraft:oak_planks":35,"minecraft:chest":5,"minecraft:wooden_pickaxe":27,"minecraft:shield":29,"minecraft:cooked_salmon":7,"minecraft:iron_sword":113,"minecraft:cooked_chicken":2,"minecraft:rotten_flesh":17,"minecraft:oak_door":2,"minecraft:white_wool":2,"minecraft:torch":234,"minecraft:dirt":139,"minecraft:crafting_table":14,"minecraft:allium":2,"minecraft:white_bed":1,"minecraft:tuff":1,"minecraft:granite":18,"minecraft:bread":4,"minecraft:iron_pickaxe":2571,"minecraft:stone_axe":91,"minecraft:cobblestone":146,"minecraft:furnace":23,"minecraft:cooked_porkchop":5,"minecraft:cooked_rabbit":2,"minecraft:andesite":1,"minecraft:egg":2,"minecraft:cooked_beef":11,"minecraft:dandelion":2},"minecraft:broken":{"minecraft:stone_pickaxe":2,"minecraft:iron_shovel":6,"minecraft:iron_pickaxe":10},"minecraft:dropped":{"minecraft:wheat_seeds":3,"minecraft:shield":1,"minecraft:torch":2,"minecraft:wooden_pickaxe":1,"minecraft:iron_pickaxe":1,"minecraft:iron_shovel":1},"minecraft:killed_by":{"minecraft:skeleton":1},"minecraft:mined":{"minecraft:tuff":1,"minecraft:oak_door":1,"minecraft:dandelion":1,"minecraft:crafting_table":11,"minecraft:torch":5,"minecraft:granite":18,"minecraft:short_grass":12,"minecraft:grass_block":540,"minecraft:chest":3,"minecraft:copper_ore":10,"minecraft:cobblestone":25,"biomesoplenty:sprout":3,"minecraft:lapis_ore":16,"minecraft:oak_planks":6,"minecraft:wall_torch":4,"minecraft:tall_seagrass":2,"minecraft:furnace":19,"minecraft:iron_ore":110,"minecraft:andesite":4,"minecraft:pumpkin":7,"minecraft:deepslate_lapis_ore":2,"biomesoplenty:fir_log":16,"minecraft:coal_ore":123,"minecraft:oak_log":40,"minecraft:deepslate_iron_ore":3,"biomesoplenty:fir_leaves":1,"biomesoplenty:yellow_maple_leaves":2,"minecraft:dirt":1193,"minecraft:stone":2517,"minecraft:gold_ore":6,"minecraft:white_wool":2,"minecraft:oak_leaves":4,"minecraft:fern":4},"minecraft:crafted":{"minecraft:cooked_beef":11,"minecraft:oak_door":3,"minecraft:oak_planks":160,"minecraft:cooked_porkchop":5,"minecraft:crafting_table":5,"minecraft:cooked_chicken":2,"minecraft:iron_helmet":1,"minecraft:wooden_pickaxe":1,"minecraft:iron_sword":1,"minecraft:furnace":9,"minecraft:cooked_salmon":6,"minecraft:copper_ingot":38,"minecraft:stone_axe":2,"minecraft:cooked_mutton":14,"minecraft:air":0,"biomesoplenty:fir_planks":44,"minecraft:iron_boots":1,"minecraft:iron_chestplate":1,"minecraft:charcoal":4,"minecraft:shield":2,"minecraft:stick":112,"minecraft:iron_ingot":107,"minecraft:iron_pickaxe":11,"minecraft:stone_pickaxe":3,"minecraft:stone_sword":1,"minecraft:chest":2,"minecraft:iron_shovel":7,"minecraft:gold_ingot":6,"minecraft:iron_leggings":1,"minecraft:white_bed":1,"minecraft:torch":248,"minecraft:cooked_rabbit":2}},"DataVersion":3700}