{"stats":{"minecraft:custom":{"minecraft:mob_kills":64,"minecraft:interact_with_crafting_table":38,"minecraft:leave_game":5,"minecraft:time_since_death":171927,"minecraft:sprint_one_cm":432091,"minecraft:walk_one_cm":308707,"minecraft:damage_blocked_by_shield":1587,"minecraft:drop":29,"minecraft:talked_to_villager":1,"minecraft:play_time":186706,"minecraft:deaths":1,"minecraft:sneak_time":58283,"minecraft:walk_under_water_one_cm":9151,"minecraft:jump":3714,"minecraft:walk_on_water_one_cm":12827,"minecraft:total_world_time":186706,"minecraft:interact_with_furnace":178,"minecraft:sleep_in_bed":5,"minecraft:time_since_rest":69667,"minecraft:damage_taken":3291,"minecraft:damage_dealt":8496,"minecraft:swim_one_cm":38524,"minecraft:fly_one_cm":687702,"minecraft:player_kills":1,"minecraft:open_chest":62,"minecraft:crouch_one_cm":273547,"minecraft:fall_one_cm":102084},"minecraft:picked_up":{"minecraft:crafting_table":11,"minecraft:allium":2,"minecraft:chicken":2,"minecraft:string":3,"minecraft:raw_copper":52,"minecraft:cooked_salmon":1,"biomesoplenty:fir_planks":2,"minecraft:beef":12,"minecraft:iron_pickaxe":1,"minecraft:chest":3,"minecraft:egg":3,"minecraft:furnace":19,"minecraft:raw_iron":119,"minecraft:oak_door":1,"minecraft:torch":14,"minecraft:porkchop":5,"minecraft:arrow":8,"minecraft:rotten_flesh":19,"minecraft:mutton":14,"minecraft:white_wool":12,"minecraft:cobblestone":2700,"minecraft:feather":4,"minecraft:cooked_beef":1,"minecraft:salmon":9,"minecraft:andesite":1,"minecraft:leather":4,"biomesoplenty:fir_log":16,"minecraft:tuff":1,"minecraft:oak_log":40,"minecraft:gunpowder":4,"minecraft:lapis_lazuli":120,"minecraft:dirt":1372,"minecraft:bone":10,"minecraft:wheat_seeds":5,"minecraft:raw_gold":6,"minecraft:rabbit_hide":1,"minecraft:iron_ingot":2,"minecraft:rabbit":2,"minecraft:oak_planks":18,"minecraft:pumpkin":3,"minecraft:dandelion":2,"minecraft:spider_eye":1,"minecraft:granite":18,"minecraft:bread":4,"minecraft:coal":205},"minecraft:killed":{"minecraft:spider":3,"minecraft:skeleton":7,"minecraft:chicken":2,"minecraft:pig":2,"minecraft:zombie_villager":1,"minecraft:salmon":9,"minecraft:rabbit":2,"minecraft:bat":1,"minecraft:creeper":6,"minecraft:sheep":10,"minecraft:zombie":15,"minecraft:cow":6},"minecraft:broken":{"minecraft:iron_shovel":6,"minecraft:stone_pickaxe":4,"minecraft:iron_pickaxe":11},"minecraft:used":{"minecraft:stone_sword":49,"minecraft:iron_shovel":1708,"minecraft:chest":5,"minecraft:shield":29,"minecraft:iron_sword":113,"minecraft:cooked_salmon":7,"minecraft:cooked_chicken":2,"minecraft:rotten_flesh":17,"minecraft:oak_door":2,"minecraft:torch":234,"minecraft:dirt":148,"minecraft:allium":2,"minecraft:tuff":1,"minecraft:granite":18,"minecraft:furnace":23,"minecraft:egg":2,"minecraft:cooked_beef":11,"minecraft:cooked_mutton":9,"minecraft:stone_pickaxe":593,"minecraft:baked_potato":5,"minecraft:oak_planks":35,"minecraft:wooden_pickaxe":27,"minecraft:white_wool":2,"minecraft:crafting_table":14,"minecraft:white_bed":1,"minecraft:bread":4,"minecraft:iron_pickaxe":2749,"minecraft:stone_axe":91,"minecraft:cobblestone":146,"minecraft:cooked_porkchop":5,"minecraft:cooked_rabbit":2,"minecraft:andesite":1,"minecraft:dandelion":2},"minecraft:dropped":{"minecraft:iron_ingot":3,"minecraft:wheat_seeds":3,"minecraft:cobblestone":982,"minecraft:torch":2,"minecraft:iron_pickaxe":1,"minecraft:iron_shovel":1,"minecraft:shield":1,"minecraft:stone_pickaxe":2,"minecraft:wooden_pickaxe":1},"minecraft:killed_by":{"minecraft:skeleton":1},"minecraft:mined":{"minecraft:tuff":1,"minecraft:oak_door":1,"minecraft:granite":18,"minecraft:grass_block":540,"minecraft:tall_seagrass":2,"minecraft:furnace":19,"minecraft:iron_ore":116,"minecraft:andesite":4,"minecraft:pumpkin":7,"minecraft:deepslate_lapis_ore":2,"minecraft:deepslate_iron_ore":3,"biomesoplenty:yellow_maple_leaves":2,"minecraft:stone":3004,"minecraft:white_wool":2,"minecraft:dandelion":1,"minecraft:crafting_table":11,"minecraft:torch":5,"minecraft:short_grass":12,"minecraft:chest":3,"minecraft:copper_ore":10,"minecraft:cobblestone":25,"biomesoplenty:sprout":3,"minecraft:lapis_ore":16,"minecraft:oak_planks":6,"minecraft:wall_torch":4,"biomesoplenty:fir_log":16,"minecraft:oak_log":40,"minecraft:coal_ore":136,"biomesoplenty:fir_leaves":1,"minecraft:dirt":1193,"minecraft:gold_ore":6,"minecraft:oak_leaves":4,"minecraft:fern":4},"minecraft:crafted":{"minecraft:oak_door":3,"minecraft:oak_planks":160,"minecraft:cooked_chicken":2,"minecraft:furnace":9,"minecraft:cooked_mutton":14,"minecraft:iron_boots":1,"minecraft:stone_pickaxe":9,"minecraft:chest":2,"minecraft:cooked_rabbit":2,"minecraft:cooked_beef":11,"minecraft:cooked_porkchop":5,"minecraft:crafting_table":5,"minecraft:wooden_pickaxe":1,"minecraft:iron_helmet":1,"minecraft:iron_sword":1,"minecraft:cooked_salmon":6,"minecraft:copper_ingot":38,"minecraft:stone_axe":2,"minecraft:air":0,"biomesoplenty:fir_planks":44,"minecraft:iron_chestplate":1,"minecraft:charcoal":4,"minecraft:shield":2,"minecraft:stick":124,"minecraft:iron_pickaxe":11,"minecraft:iron_ingot":107,"minecraft:stone_sword":1,"minecraft:iron_leggings":1,"minecraft:iron_shovel":7,"minecraft:gold_ingot":6,"minecraft:white_bed":1,"minecraft:torch":248}},"DataVersion":3700}