{"stats":{"minecraft:custom":{"minecraft:mob_kills":99,"minecraft:animals_bred":2,"minecraft:interact_with_crafting_table":93,"minecraft:leave_game":8,"minecraft:time_since_death":368634,"minecraft:sprint_one_cm":972854,"minecraft:walk_one_cm":668888,"minecraft:damage_blocked_by_shield":1812,"minecraft:drop":133,"minecraft:talked_to_villager":35,"minecraft:play_time":383413,"minecraft:deaths":1,"minecraft:sneak_time":93629,"minecraft:walk_under_water_one_cm":10780,"minecraft:jump":7787,"minecraft:walk_on_water_one_cm":20121,"minecraft:total_world_time":383413,"minecraft:interact_with_furnace":351,"minecraft:traded_with_villager":118,"minecraft:interact_with_stonecutter":3,"minecraft:sleep_in_bed":14,"minecraft:time_since_rest":11426,"minecraft:damage_taken":5017,"minecraft:damage_absorbed":40,"minecraft:damage_dealt":13785,"minecraft:player_kills":1,"minecraft:swim_one_cm":39791,"minecraft:fly_one_cm":1520612,"minecraft:open_chest":218,"minecraft:crouch_one_cm":389225,"minecraft:fall_one_cm":190696,"minecraft:horse_one_cm":363},"minecraft:picked_up":{"minecraft:crafting_table":14,"minecraft:wheat":6,"minecraft:allium":6,"minecraft:chicken":2,"minecraft:string":8,"minecraft:raw_copper":52,"minecraft:iron_axe":1,"minecraft:cooked_salmon":1,"minecraft:cobbled_deepslate":3,"biomesoplenty:fir_planks":12,"minecraft:beef":22,"minecraft:iron_pickaxe":1,"minecraft:sugar_cane":10,"minecraft:chest":4,"minecraft:furnace":23,"minecraft:egg":7,"minecraft:stick":140,"minecraft:raw_iron":216,"minecraft:stone":391,"minecraft:oak_door":3,"minecraft:composter":8,"minecraft:oak_fence":1,"minecraft:torch":28,"minecraft:porkchop":19,"minecraft:redstone":47,"minecraft:arrow":11,"minecraft:rotten_flesh":28,"minecraft:beetroot_seeds":29,"minecraft:pumpkin_pie":48,"biomesoplenty:fir_leaves":2151,"minecraft:shears":1,"minecraft:mutton":14,"minecraft:sponge":3,"minecraft:white_wool":12,"minecraft:cobblestone":3058,"minecraft:stripped_oak_log":5,"minecraft:feather":7,"minecraft:cooked_beef":1,"minecraft:glow_ink_sac":1,"minecraft:andesite":1,"minecraft:salmon":9,"minecraft:leather":11,"minecraft:potato":152,"biomesoplenty:fir_sapling":41,"biomesoplenty:fir_log":624,"minecraft:flint":2,"minecraft:tuff":6,"minecraft:oak_log":53,"minecraft:gunpowder":5,"minecraft:lapis_lazuli":236,"minecraft:dirt":1416,"minecraft:bone":10,"minecraft:apple":8,"minecraft:stone_bricks":1,"minecraft:wheat_seeds":24,"minecraft:raw_gold":14,"minecraft:rabbit_hide":1,"minecraft:iron_ingot":3,"minecraft:cobweb":7,"minecraft:rabbit":2,"minecraft:iron_sword":1,"minecraft:oak_planks":19,"minecraft:pumpkin":3,"minecraft:dandelion":3,"minecraft:poisonous_potato":1,"biomesoplenty:fir_fence":2,"minecraft:white_bed":3,"minecraft:spider_eye":2,"minecraft:short_grass":1,"minecraft:granite":19,"minecraft:bone_meal":171,"minecraft:bread":47,"minecraft:oak_sapling":59,"minecraft:oak_leaves":652,"minecraft:coal":499},"minecraft:killed":{"minecraft:cave_spider":4,"minecraft:spider":4,"minecraft:phantom":1,"minecraft:skeleton":9,"minecraft:chicken":2,"minecraft:pig":9,"minecraft:zombie_villager":1,"minecraft:salmon":9,"minecraft:rabbit":2,"minecraft:bat":1,"minecraft:creeper":12,"minecraft:sheep":10,"minecraft:zombie":24,"minecraft:cow":11},"minecraft:broken":{"minecraft:iron_shovel":6,"minecraft:shears":13,"minecraft:stone_pickaxe":7,"minecraft:iron_axe":1,"minecraft:iron_pickaxe":12},"minecraft:used":{"minecraft:oak_fence":21,"minecraft:stone_sword":49,"minecraft:iron_shovel":1708,"minecraft:chest":13,"minecraft:shield":32,"minecraft:stone":27,"minecraft:iron_sword":218,"minecraft:cooked_salmon":7,"minecraft:cooked_chicken":2,"minecraft:rotten_flesh":22,"minecraft:oak_door":2,"minecraft:torch":430,"minecraft:dirt":220,"minecraft:allium":6,"minecraft:tuff":2,"minecraft:granite":18,"minecraft:iron_hoe":84,"minecraft:iron_axe":654,"biomesoplenty:fir_sapling":47,"minecraft:stone_bricks":1,"minecraft:oak_sapling":45,"minecraft:furnace":34,"minecraft:beetroot_seeds":29,"minecraft:egg":3,"minecraft:potato":137,"minecraft:cooked_beef":12,"biomesoplenty:fir_fence":38,"minecraft:short_grass":1,"minecraft:wheat_seeds":16,"minecraft:cooked_mutton":9,"minecraft:water_bucket":15,"minecraft:baked_potato":12,"minecraft:stone_pickaxe":921,"minecraft:oak_planks":35,"minecraft:wooden_pickaxe":27,"biomesoplenty:fir_leaves":2143,"minecraft:composter":9,"minecraft:sugar_cane":10,"minecraft:fletching_table":1,"minecraft:oak_leaves":646,"minecraft:white_wool":2,"minecraft:golden_apple":1,"minecraft:crafting_table":19,"minecraft:spider_eye":1,"minecraft:white_bed":5,"minecraft:shears":3127,"minecraft:bread":32,"minecraft:iron_pickaxe":3090,"minecraft:stone_axe":91,"minecraft:cobblestone":164,"minecraft:porkchop":4,"minecraft:cooked_porkchop":15,"minecraft:cooked_rabbit":2,"minecraft:andesite":1,"minecraft:bucket":17,"biomesoplenty:fir_log":77,"minecraft:dandelion":3,"minecraft:bone_meal":27,"minecraft:cobweb":1},"minecraft:dropped":{"biomesoplenty:fir_log":63,"minecraft:iron_ingot":12,"minecraft:iron_sword":1,"minecraft:wheat_seeds":14,"minecraft:cooked_beef":9,"minecraft:glow_ink_sac":1,"minecraft:cobblestone":985,"minecraft:feather":6,"minecraft:granite":1,"minecraft:copper_ingot":3,"biomesoplenty:fir_slab":4,"minecraft:flint":2,"minecraft:stick":163,"minecraft:dirt":4,"minecraft:torch":2,"minecraft:bone_meal":105,"minecraft:iron_pickaxe":3,"minecraft:iron_shovel":1,"minecraft:string":3,"minecraft:white_wool":2,"minecraft:bone":9,"minecraft:oak_door":4,"minecraft:cobbled_deepslate":3,"minecraft:tuff":2,"minecraft:rotten_flesh":1,"minecraft:iron_hoe":1,"minecraft:stripped_oak_log":3,"minecraft:shears":1,"minecraft:stone":775,"minecraft:shield":1,"biomesoplenty:fir_planks":19,"minecraft:oak_sapling":10,"biomesoplenty:fir_leaves":18,"minecraft:wooden_pickaxe":1,"minecraft:stone_pickaxe":2,"minecraft:oak_leaves":6,"minecraft:egg":4},"minecraft:killed_by":{"minecraft:skeleton":1},"minecraft:mined":{"minecraft:tuff":4,"minecraft:white_bed":3,"minecraft:oak_door":1,"minecraft:granite":18,"minecraft:allium":4,"minecraft:grass_block":568,"minecraft:composter":8,"minecraft:tall_seagrass":2,"minecraft:furnace":23,"minecraft:iron_ore":178,"minecraft:andesite":4,"minecraft:pumpkin":7,"minecraft:deepslate_lapis_ore":9,"minecraft:potatoes":62,"minecraft:deepslate_iron_ore":38,"biomesoplenty:yellow_maple_leaves":2,"minecraft:stone":3348,"minecraft:white_wool":2,"minecraft:dandelion":1,"minecraft:oak_fence":1,"minecraft:crafting_table":14,"minecraft:torch":13,"minecraft:short_grass":27,"minecraft:chest":4,"minecraft:tall_grass":3,"minecraft:copper_ore":10,"minecraft:cobblestone":25,"minecraft:sugar_cane":5,"biomesoplenty:sprout":3,"minecraft:lapis_ore":16,"minecraft:deepslate_gold_ore":8,"minecraft:oak_planks":7,"minecraft:wall_torch":9,"biomesoplenty:fir_fence":2,"minecraft:wheat":6,"biomesoplenty:fir_log":646,"minecraft:oak_log":50,"minecraft:coal_ore":332,"biomesoplenty:fir_leaves":2462,"minecraft:dirt":1209,"minecraft:cobweb":8,"biomesoplenty:fir_sapling":5,"minecraft:stone_bricks":1,"minecraft:gold_ore":6,"minecraft:oak_leaves":692,"minecraft:deepslate":6,"minecraft:fern":4},"minecraft:crafted":{"minecraft:oak_door":3,"minecraft:oak_planks":220,"minecraft:coal":27,"minecraft:cooked_chicken":2,"minecraft:furnace":11,"minecraft:stone":590,"minecraft:cooked_mutton":14,"minecraft:bow":1,"minecraft:iron_boots":1,"minecraft:iron_axe":4,"biomesoplenty:fir_slab":42,"minecraft:iron_hoe":2,"minecraft:stone_pickaxe":10,"minecraft:chest":9,"minecraft:oak_fence":21,"minecraft:cooked_rabbit":2,"minecraft:cooked_beef":21,"minecraft:coal_block":17,"minecraft:arrow":192,"minecraft:emerald":106,"minecraft:cooked_porkchop":15,"minecraft:crafting_table":6,"minecraft:iron_helmet":1,"minecraft:wooden_pickaxe":1,"minecraft:baked_potato":7,"minecraft:iron_sword":2,"minecraft:cooked_salmon":6,"minecraft:copper_ingot":38,"minecraft:fletching_table":1,"minecraft:bucket":2,"minecraft:stone_axe":2,"minecraft:air":0,"biomesoplenty:fir_planks":1916,"biomesoplenty:fir_fence":36,"minecraft:iron_chestplate":1,"minecraft:charcoal":4,"minecraft:shield":2,"minecraft:stick":3710,"minecraft:iron_ingot":261,"minecraft:iron_pickaxe":15,"minecraft:iron_block":10,"minecraft:stone_sword":1,"minecraft:iron_shovel":7,"minecraft:iron_leggings":1,"minecraft:gold_ingot":14,"minecraft:white_bed":2,"minecraft:composter":5,"minecraft:torch":424,"minecraft:shears":14}},"DataVersion":3700}