{"stats":{"minecraft:custom":{"minecraft:mob_kills":98,"minecraft:interact_with_crafting_table":68,"minecraft:leave_game":7,"minecraft:time_since_death":290958,"minecraft:sprint_one_cm":777847,"minecraft:walk_one_cm":558685,"minecraft:damage_blocked_by_shield":1707,"minecraft:drop":118,"minecraft:talked_to_villager":1,"minecraft:play_time":305737,"minecraft:deaths":1,"minecraft:sneak_time":82365,"minecraft:walk_under_water_one_cm":10780,"minecraft:jump":6471,"minecraft:walk_on_water_one_cm":19966,"minecraft:total_world_time":305737,"minecraft:interact_with_furnace":341,"minecraft:interact_with_stonecutter":3,"minecraft:sleep_in_bed":10,"minecraft:time_since_rest":13484,"minecraft:damage_taken":4573,"minecraft:damage_absorbed":40,"minecraft:damage_dealt":13458,"minecraft:swim_one_cm":39791,"minecraft:fly_one_cm":1211556,"minecraft:player_kills":1,"minecraft:open_chest":105,"minecraft:crouch_one_cm":356938,"minecraft:fall_one_cm":166950},"minecraft:picked_up":{"minecraft:crafting_table":14,"minecraft:allium":3,"minecraft:chicken":2,"minecraft:iron_axe":1,"minecraft:string":8,"minecraft:raw_copper":52,"minecraft:cooked_salmon":1,"minecraft:cobbled_deepslate":3,"biomesoplenty:fir_planks":2,"minecraft:beef":22,"minecraft:iron_pickaxe":1,"minecraft:chest":3,"minecraft:egg":6,"minecraft:furnace":23,"minecraft:stick":25,"minecraft:raw_iron":216,"minecraft:stone":391,"minecraft:oak_door":3,"minecraft:torch":22,"minecraft:porkchop":19,"minecraft:arrow":11,"minecraft:rotten_flesh":26,"minecraft:beetroot_seeds":29,"minecraft:pumpkin_pie":48,"biomesoplenty:fir_leaves":686,"minecraft:shears":1,"minecraft:mutton":14,"minecraft:white_wool":12,"minecraft:cobblestone":3057,"minecraft:stripped_oak_log":4,"minecraft:feather":7,"minecraft:cooked_beef":1,"minecraft:glow_ink_sac":1,"minecraft:andesite":1,"minecraft:salmon":9,"minecraft:leather":11,"biomesoplenty:fir_sapling":12,"minecraft:potato":21,"biomesoplenty:fir_log":256,"minecraft:tuff":6,"minecraft:oak_log":43,"minecraft:gunpowder":5,"minecraft:lapis_lazuli":172,"minecraft:dirt":1386,"minecraft:bone":10,"minecraft:apple":3,"minecraft:stone_bricks":1,"minecraft:wheat_seeds":5,"minecraft:raw_gold":14,"minecraft:rabbit_hide":1,"minecraft:iron_ingot":3,"minecraft:cobweb":7,"minecraft:rabbit":2,"minecraft:iron_sword":1,"minecraft:oak_planks":19,"minecraft:pumpkin":3,"minecraft:dandelion":3,"minecraft:white_bed":3,"minecraft:spider_eye":2,"minecraft:short_grass":1,"minecraft:granite":19,"minecraft:bone_meal":53,"minecraft:bread":47,"minecraft:oak_sapling":20,"minecraft:oak_leaves":380,"minecraft:coal":443},"minecraft:killed":{"minecraft:cave_spider":4,"minecraft:spider":4,"minecraft:phantom":1,"minecraft:skeleton":9,"minecraft:chicken":2,"minecraft:pig":9,"minecraft:zombie_villager":1,"minecraft:salmon":9,"minecraft:rabbit":2,"minecraft:bat":1,"minecraft:creeper":12,"minecraft:sheep":10,"minecraft:zombie":23,"minecraft:cow":11},"minecraft:broken":{"minecraft:iron_shovel":6,"minecraft:shears":5,"minecraft:stone_pickaxe":7,"minecraft:iron_pickaxe":12},"minecraft:used":{"minecraft:stone_sword":49,"minecraft:iron_shovel":1708,"minecraft:chest":6,"minecraft:shield":31,"minecraft:stone":27,"minecraft:iron_sword":214,"minecraft:cooked_salmon":7,"minecraft:cooked_chicken":2,"minecraft:rotten_flesh":21,"minecraft:oak_door":2,"minecraft:torch":426,"minecraft:dirt":203,"minecraft:allium":3,"minecraft:tuff":2,"minecraft:granite":18,"minecraft:iron_hoe":84,"biomesoplenty:fir_sapling":18,"minecraft:iron_axe":260,"minecraft:stone_bricks":1,"minecraft:oak_sapling":6,"minecraft:furnace":34,"minecraft:beetroot_seeds":29,"minecraft:egg":2,"minecraft:potato":65,"minecraft:cooked_beef":12,"minecraft:short_grass":1,"minecraft:wheat_seeds":7,"minecraft:cooked_mutton":9,"minecraft:water_bucket":7,"minecraft:stone_pickaxe":921,"minecraft:baked_potato":11,"minecraft:oak_planks":35,"biomesoplenty:fir_leaves":678,"minecraft:wooden_pickaxe":27,"minecraft:composter":2,"minecraft:oak_leaves":370,"minecraft:white_wool":2,"minecraft:golden_apple":1,"minecraft:crafting_table":19,"minecraft:spider_eye":1,"minecraft:white_bed":4,"minecraft:shears":1295,"minecraft:bread":13,"minecraft:iron_pickaxe":3090,"minecraft:stone_axe":91,"minecraft:cobblestone":164,"minecraft:porkchop":4,"minecraft:cooked_porkchop":15,"minecraft:bucket":9,"minecraft:cooked_rabbit":2,"minecraft:andesite":1,"biomesoplenty:fir_log":10,"minecraft:bone_meal":3,"minecraft:dandelion":3,"minecraft:cobweb":1},"minecraft:dropped":{"minecraft:iron_ingot":3,"minecraft:iron_sword":1,"minecraft:wheat_seeds":4,"minecraft:cooked_beef":9,"minecraft:glow_ink_sac":1,"minecraft:feather":6,"minecraft:cobblestone":985,"minecraft:granite":1,"minecraft:copper_ingot":3,"biomesoplenty:fir_slab":4,"minecraft:stick":14,"minecraft:dirt":4,"minecraft:torch":2,"minecraft:bone_meal":44,"minecraft:iron_pickaxe":2,"minecraft:iron_shovel":1,"minecraft:string":3,"minecraft:white_wool":2,"minecraft:bone":9,"minecraft:oak_door":4,"minecraft:cobbled_deepslate":3,"minecraft:tuff":2,"minecraft:rotten_flesh":1,"minecraft:iron_hoe":1,"minecraft:stripped_oak_log":2,"minecraft:shears":1,"minecraft:stone":775,"minecraft:shield":1,"biomesoplenty:fir_planks":19,"minecraft:oak_sapling":4,"biomesoplenty:fir_leaves":18,"minecraft:wooden_pickaxe":1,"minecraft:stone_pickaxe":2,"minecraft:oak_leaves":6,"minecraft:egg":4},"minecraft:killed_by":{"minecraft:skeleton":1},"minecraft:mined":{"minecraft:tuff":4,"minecraft:white_bed":3,"minecraft:oak_door":1,"minecraft:granite":18,"minecraft:allium":1,"minecraft:grass_block":546,"minecraft:tall_seagrass":2,"minecraft:furnace":23,"minecraft:iron_ore":178,"minecraft:andesite":4,"minecraft:pumpkin":7,"minecraft:deepslate_lapis_ore":9,"minecraft:potatoes":5,"minecraft:deepslate_iron_ore":38,"biomesoplenty:yellow_maple_leaves":2,"minecraft:stone":3348,"minecraft:white_wool":2,"minecraft:dandelion":1,"minecraft:crafting_table":14,"minecraft:torch":9,"minecraft:short_grass":13,"minecraft:chest":3,"minecraft:cobblestone":25,"minecraft:copper_ore":10,"minecraft:deepslate_gold_ore":8,"biomesoplenty:sprout":3,"minecraft:lapis_ore":16,"minecraft:oak_planks":7,"minecraft:wall_torch":7,"biomesoplenty:fir_log":266,"minecraft:oak_log":40,"minecraft:coal_ore":332,"biomesoplenty:fir_leaves":894,"minecraft:dirt":1201,"minecraft:cobweb":8,"minecraft:stone_bricks":1,"minecraft:gold_ore":6,"minecraft:oak_leaves":416,"minecraft:deepslate":6,"minecraft:fern":4},"minecraft:crafted":{"minecraft:oak_door":3,"minecraft:oak_planks":180,"minecraft:coal":27,"minecraft:cooked_chicken":2,"minecraft:furnace":11,"minecraft:stone":590,"minecraft:cooked_mutton":14,"minecraft:bow":1,"minecraft:iron_boots":1,"minecraft:iron_axe":2,"biomesoplenty:fir_slab":18,"minecraft:iron_hoe":2,"minecraft:stone_pickaxe":10,"minecraft:chest":3,"minecraft:cooked_rabbit":2,"minecraft:cooked_beef":21,"minecraft:coal_block":17,"minecraft:cooked_porkchop":15,"minecraft:crafting_table":6,"minecraft:baked_potato":6,"minecraft:wooden_pickaxe":1,"minecraft:iron_helmet":1,"minecraft:iron_sword":1,"minecraft:cooked_salmon":6,"minecraft:copper_ingot":38,"minecraft:bucket":2,"minecraft:stone_axe":2,"minecraft:air":0,"biomesoplenty:fir_planks":52,"minecraft:iron_chestplate":1,"minecraft:charcoal":4,"minecraft:shield":2,"minecraft:stick":184,"minecraft:iron_pickaxe":14,"minecraft:iron_ingot":225,"minecraft:iron_block":10,"minecraft:stone_sword":1,"minecraft:iron_leggings":1,"minecraft:iron_shovel":7,"minecraft:gold_ingot":14,"minecraft:white_bed":2,"minecraft:composter":2,"minecraft:torch":424,"minecraft:shears":6}},"DataVersion":3700}