{"stats":{"minecraft:picked_up":{"minecraft:crafting_table":15,"minecraft:allium":6,"minecraft:wheat":54,"minecraft:chicken":2,"minecraft:string":8,"minecraft:cooked_salmon":1,"minecraft:soul_soil":15,"minecraft:raw_copper":52,"minecraft:iron_axe":1,"minecraft:cobbled_deepslate":5,"biomesoplenty:fir_planks":12,"minecraft:beef":30,"minecraft:iron_pickaxe":1,"minecraft:sugar_cane":115,"minecraft:chest":4,"minecraft:furnace":23,"minecraft:egg":7,"minecraft:raw_iron":263,"minecraft:stick":144,"minecraft:stone":391,"minecraft:oak_door":3,"minecraft:composter":8,"minecraft:oak_fence":12,"minecraft:torch":43,"minecraft:porkchop":19,"minecraft:pointed_dripstone":2,"minecraft:redstone":47,"minecraft:arrow":81,"minecraft:rotten_flesh":28,"minecraft:beetroot_seeds":29,"minecraft:pumpkin_pie":48,"biomesoplenty:fir_leaves":2151,"minecraft:shears":1,"minecraft:obsidian":4,"minecraft:mutton":14,"minecraft:bone_block":87,"minecraft:white_wool":12,"minecraft:cobblestone":3084,"minecraft:sponge":3,"minecraft:stripped_oak_log":5,"minecraft:cooked_beef":1,"minecraft:feather":7,"minecraft:basalt":8,"minecraft:glow_ink_sac":1,"minecraft:andesite":1,"minecraft:salmon":9,"minecraft:leather":15,"minecraft:potato":1214,"biomesoplenty:fir_sapling":46,"biomesoplenty:fir_log":633,"minecraft:flint":2,"minecraft:tuff":6,"minecraft:oak_log":78,"minecraft:gunpowder":5,"minecraft:lapis_lazuli":236,"minecraft:dirt":1423,"minecraft:bone":19,"minecraft:apple":10,"minecraft:stone_bricks":1,"minecraft:bow":2,"minecraft:wheat_seeds":174,"minecraft:raw_gold":14,"minecraft:rabbit_hide":1,"minecraft:iron_ingot":3,"minecraft:cobweb":7,"minecraft:rabbit":2,"minecraft:iron_sword":1,"minecraft:oak_planks":25,"minecraft:soul_sand":7,"minecraft:pumpkin":3,"minecraft:dandelion":3,"minecraft:poisonous_potato":10,"biomesoplenty:fir_fence":2,"minecraft:white_bed":3,"minecraft:spider_eye":2,"minecraft:crimson_roots":2,"minecraft:short_grass":1,"minecraft:granite":19,"minecraft:bone_meal":172,"minecraft:bread":47,"minecraft:emerald":2,"minecraft:oak_sapling":71,"minecraft:netherrack":20,"minecraft:coal":524,"minecraft:oak_leaves":652,"minecraft:diamond_pickaxe":1},"minecraft:killed_by":{"minecraft:skeleton":1,"minecraft:zombie":1},"minecraft:mined":{"minecraft:tuff":4,"minecraft:white_bed":3,"minecraft:oak_door":1,"minecraft:obsidian":4,"minecraft:granite":18,"minecraft:allium":4,"minecraft:grass_block":574,"minecraft:crimson_roots":2,"minecraft:soul_soil":7,"minecraft:composter":8,"minecraft:tall_seagrass":2,"minecraft:furnace":23,"minecraft:iron_ore":225,"minecraft:andesite":4,"minecraft:pumpkin":7,"minecraft:deepslate_lapis_ore":9,"minecraft:potatoes":407,"minecraft:pointed_dripstone":1,"minecraft:deepslate_iron_ore":38,"biomesoplenty:yellow_maple_leaves":2,"biomesoplenty:webbing":1,"minecraft:stone":3363,"minecraft:bone_block":76,"minecraft:white_wool":2,"biomesoplenty:medium_rose_quartz_bud":1,"minecraft:soul_fire":40,"minecraft:basalt":8,"minecraft:dandelion":1,"minecraft:oak_fence":12,"minecraft:crafting_table":15,"minecraft:torch":24,"minecraft:short_grass":69,"minecraft:emerald_ore":2,"minecraft:chest":4,"minecraft:copper_ore":10,"minecraft:tall_grass":4,"minecraft:cobblestone":37,"biomesoplenty:sprout":3,"minecraft:deepslate_gold_ore":8,"minecraft:lapis_ore":16,"minecraft:oak_planks":14,"minecraft:sugar_cane":82,"minecraft:diorite":1,"minecraft:wall_torch":10,"biomesoplenty:fir_fence":2,"minecraft:wheat":55,"biomesoplenty:large_rose_quartz_bud":3,"biomesoplenty:fir_log":655,"minecraft:coal_ore":357,"minecraft:oak_log":75,"biomesoplenty:fir_leaves":2463,"minecraft:dirt":1210,"biomesoplenty:stringy_cobweb":4,"minecraft:cobweb":9,"biomesoplenty:fir_sapling":6,"minecraft:stone_bricks":1,"minecraft:netherrack":28,"minecraft:gold_ore":6,"minecraft:oak_leaves":694,"minecraft:deepslate":10,"minecraft:fern":4},"minecraft:broken":{"minecraft:iron_shovel":6,"minecraft:shears":13,"minecraft:stone_pickaxe":7,"minecraft:iron_axe":1,"minecraft:iron_pickaxe":12},"minecraft:used":{"minecraft:oak_fence":54,"minecraft:stone_sword":49,"minecraft:enchanting_table":1,"minecraft:iron_shovel":1708,"minecraft:flint_and_steel":1,"minecraft:chest":13,"minecraft:shield":71,"minecraft:stone":27,"minecraft:iron_sword":270,"minecraft:cooked_salmon":7,"minecraft:cooked_chicken":2,"minecraft:rotten_flesh":22,"minecraft:netherrack":20,"minecraft:oak_door":2,"minecraft:torch":474,"minecraft:soul_sand":7,"minecraft:dirt":227,"minecraft:allium":6,"minecraft:tuff":2,"minecraft:obsidian":1,"minecraft:granite":18,"minecraft:iron_hoe":230,"minecraft:bookshelf":4,"minecraft:iron_axe":711,"biomesoplenty:fir_sapling":52,"minecraft:crimson_roots":2,"minecraft:stone_bricks":1,"minecraft:basalt":8,"minecraft:bow":93,"minecraft:soul_soil":9,"minecraft:oak_sapling":61,"minecraft:furnace":34,"minecraft:beetroot_seeds":29,"minecraft:egg":3,"minecraft:potato":746,"minecraft:cooked_beef":14,"minecraft:cooked_mutton":9,"biomesoplenty:fir_fence":38,"minecraft:short_grass":1,"minecraft:wheat_seeds":88,"minecraft:water_bucket":54,"minecraft:baked_potato":12,"minecraft:stone_pickaxe":921,"minecraft:oak_planks":66,"minecraft:wooden_pickaxe":27,"biomesoplenty:fir_leaves":2143,"minecraft:composter":9,"minecraft:sugar_cane":22,"minecraft:fletching_table":1,"minecraft:oak_leaves":646,"minecraft:white_wool":2,"minecraft:golden_apple":1,"minecraft:crafting_table":20,"minecraft:spider_eye":1,"minecraft:white_bed":5,"minecraft:shears":3127,"minecraft:diamond_pickaxe":12,"minecraft:iron_pickaxe":3306,"minecraft:bread":49,"minecraft:stone_axe":91,"minecraft:cobblestone":182,"minecraft:dandelion":3,"minecraft:porkchop":4,"minecraft:cooked_porkchop":15,"minecraft:cooked_rabbit":2,"minecraft:andesite":1,"minecraft:bucket":55,"biomesoplenty:fir_log":77,"minecraft:oak_boat":1,"minecraft:pumpkin_pie":25,"minecraft:cobweb":1,"minecraft:bone_meal":28},"minecraft:custom":{"minecraft:interact_with_smithing_table":1,"minecraft:mob_kills":126,"minecraft:animals_bred":20,"minecraft:interact_with_crafting_table":115,"minecraft:leave_game":14,"minecraft:time_since_death":0,"minecraft:sprint_one_cm":1455097,"minecraft:walk_one_cm":858065,"minecraft:damage_blocked_by_shield":2748,"minecraft:drop":146,"minecraft:talked_to_villager":43,"minecraft:play_time":508667,"minecraft:deaths":2,"minecraft:sneak_time":102846,"minecraft:walk_under_water_one_cm":22605,"minecraft:boat_one_cm":615,"minecraft:jump":11752,"minecraft:walk_on_water_one_cm":31811,"minecraft:enchant_item":2,"minecraft:total_world_time":508667,"minecraft:interact_with_furnace":360,"minecraft:traded_with_villager":126,"minecraft:interact_with_stonecutter":3,"minecraft:sleep_in_bed":18,"minecraft:time_since_rest":972,"minecraft:damage_taken":6412,"minecraft:damage_absorbed":40,"minecraft:damage_dealt":15949,"minecraft:player_kills":1,"minecraft:swim_one_cm":49584,"minecraft:fly_one_cm":2316698,"minecraft:open_chest":341,"minecraft:crouch_one_cm":417715,"minecraft:fall_one_cm":295377,"minecraft:horse_one_cm":363},"minecraft:killed":{"minecraft:cave_spider":4,"minecraft:spider":4,"minecraft:phantom":1,"minecraft:skeleton":24,"minecraft:chicken":2,"minecraft:piglin":1,"minecraft:pig":9,"minecraft:zombie_villager":1,"minecraft:salmon":9,"minecraft:rabbit":2,"minecraft:bat":1,"minecraft:creeper":12,"minecraft:sheep":10,"minecraft:zombie":24,"minecraft:ghast":5,"minecraft:cow":16},"minecraft:crafted":{"minecraft:oak_door":3,"minecraft:oak_planks":320,"minecraft:coal":27,"minecraft:cooked_chicken":2,"minecraft:furnace":11,"minecraft:stone":590,"minecraft:bookshelf":4,"minecraft:flint_and_steel":1,"minecraft:cooked_mutton":14,"minecraft:bow":1,"minecraft:iron_boots":1,"minecraft:iron_axe":4,"biomesoplenty:fir_slab":42,"minecraft:iron_hoe":2,"minecraft:stone_pickaxe":10,"minecraft:chest":9,"minecraft:oak_fence":51,"minecraft:cooked_rabbit":2,"minecraft:cooked_beef":29,"minecraft:coal_block":17,"minecraft:arrow":192,"minecraft:emerald":109,"minecraft:cooked_porkchop":15,"minecraft:crafting_table":7,"minecraft:enchanting_table":1,"minecraft:baked_potato":7,"minecraft:wooden_pickaxe":1,"minecraft:iron_helmet":1,"minecraft:iron_sword":2,"minecraft:cooked_salmon":6,"minecraft:copper_ingot":38,"minecraft:fletching_table":1,"minecraft:bucket":2,"minecraft:stone_axe":2,"minecraft:air":0,"biomesoplenty:fir_planks":1952,"minecraft:oak_boat":1,"biomesoplenty:fir_fence":36,"minecraft:book":13,"minecraft:iron_chestplate":1,"minecraft:paper":90,"minecraft:charcoal":4,"minecraft:emerald_block":11,"minecraft:shield":2,"minecraft:stick":3786,"minecraft:iron_ingot":308,"minecraft:iron_pickaxe":15,"minecraft:iron_block":15,"minecraft:stone_sword":1,"minecraft:iron_shovel":7,"minecraft:gold_ingot":14,"minecraft:iron_leggings":1,"minecraft:white_bed":2,"minecraft:pumpkin_pie":20,"minecraft:composter":5,"minecraft:torch":504,"minecraft:shears":14},"minecraft:dropped":{"biomesoplenty:fir_log":63,"minecraft:iron_ingot":12,"minecraft:iron_sword":1,"minecraft:wheat_seeds":15,"minecraft:lapis_lazuli":15,"minecraft:cooked_beef":9,"minecraft:glow_ink_sac":1,"minecraft:feather":6,"minecraft:cobblestone":985,"minecraft:granite":1,"minecraft:copper_ingot":3,"biomesoplenty:fir_slab":4,"minecraft:flint":2,"minecraft:stick":163,"minecraft:dirt":4,"minecraft:torch":2,"minecraft:bone_meal":105,"minecraft:bone_block":87,"minecraft:iron_pickaxe":3,"minecraft:iron_shovel":1,"minecraft:string":3,"minecraft:white_wool":2,"minecraft:oak_door":4,"minecraft:bone":13,"minecraft:soul_soil":6,"minecraft:cobbled_deepslate":3,"minecraft:tuff":2,"minecraft:rotten_flesh":1,"minecraft:iron_hoe":1,"minecraft:stripped_oak_log":3,"minecraft:shears":1,"minecraft:stone":775,"minecraft:shield":1,"biomesoplenty:fir_planks":19,"minecraft:oak_sapling":10,"biomesoplenty:fir_leaves":18,"minecraft:stone_pickaxe":2,"minecraft:wooden_pickaxe":1,"minecraft:oak_leaves":6,"minecraft:egg":4}},"DataVersion":3700}