{"stats":{"minecraft:custom":{"minecraft:mob_kills":83,"minecraft:interact_with_crafting_table":47,"minecraft:leave_game":6,"minecraft:time_since_death":219661,"minecraft:sprint_one_cm":600537,"minecraft:walk_one_cm":365618,"minecraft:damage_blocked_by_shield":1707,"minecraft:drop":50,"minecraft:talked_to_villager":1,"minecraft:play_time":234440,"minecraft:deaths":1,"minecraft:sneak_time":69511,"minecraft:walk_under_water_one_cm":9151,"minecraft:jump":5065,"minecraft:walk_on_water_one_cm":13857,"minecraft:total_world_time":234440,"minecraft:interact_with_furnace":279,"minecraft:interact_with_stonecutter":3,"minecraft:sleep_in_bed":6,"minecraft:time_since_rest":21375,"minecraft:damage_taken":3864,"minecraft:damage_dealt":11185,"minecraft:swim_one_cm":38524,"minecraft:fly_one_cm":968170,"minecraft:player_kills":1,"minecraft:open_chest":81,"minecraft:crouch_one_cm":317274,"minecraft:fall_one_cm":143262},"minecraft:picked_up":{"minecraft:crafting_table":11,"minecraft:allium":3,"minecraft:chicken":2,"minecraft:string":5,"minecraft:raw_copper":52,"minecraft:cooked_salmon":1,"biomesoplenty:fir_planks":2,"minecraft:beef":22,"minecraft:iron_pickaxe":1,"minecraft:chest":3,"minecraft:egg":3,"minecraft:furnace":19,"minecraft:raw_iron":155,"minecraft:stone":209,"minecraft:oak_door":1,"minecraft:torch":18,"minecraft:porkchop":15,"minecraft:arrow":11,"minecraft:rotten_flesh":24,"minecraft:mutton":14,"minecraft:white_wool":12,"minecraft:cobblestone":3055,"minecraft:stripped_oak_log":2,"minecraft:feather":4,"minecraft:cooked_beef":1,"minecraft:salmon":9,"minecraft:andesite":1,"minecraft:leather":11,"biomesoplenty:fir_log":16,"minecraft:tuff":1,"minecraft:oak_log":43,"minecraft:gunpowder":4,"minecraft:lapis_lazuli":120,"minecraft:dirt":1381,"minecraft:bone":10,"minecraft:stone_bricks":1,"minecraft:wheat_seeds":5,"minecraft:raw_gold":6,"minecraft:rabbit_hide":1,"minecraft:iron_ingot":2,"minecraft:rabbit":2,"minecraft:oak_planks":18,"minecraft:iron_sword":1,"minecraft:pumpkin":3,"minecraft:dandelion":2,"minecraft:spider_eye":2,"minecraft:granite":19,"minecraft:bread":6,"minecraft:coal":396},"minecraft:killed":{"minecraft:spider":4,"minecraft:phantom":1,"minecraft:skeleton":9,"minecraft:chicken":2,"minecraft:pig":7,"minecraft:zombie_villager":1,"minecraft:salmon":9,"minecraft:rabbit":2,"minecraft:bat":1,"minecraft:creeper":7,"minecraft:sheep":10,"minecraft:zombie":19,"minecraft:cow":11},"minecraft:broken":{"minecraft:iron_shovel":6,"minecraft:stone_pickaxe":7,"minecraft:iron_pickaxe":12},"minecraft:used":{"minecraft:stone_sword":49,"minecraft:iron_shovel":1708,"minecraft:chest":5,"minecraft:shield":31,"minecraft:iron_sword":166,"minecraft:cooked_salmon":7,"minecraft:cooked_chicken":2,"minecraft:rotten_flesh":17,"minecraft:oak_door":2,"minecraft:torch":314,"minecraft:dirt":198,"minecraft:allium":3,"minecraft:tuff":1,"minecraft:granite":18,"minecraft:stone_bricks":1,"minecraft:furnace":30,"minecraft:egg":2,"minecraft:cooked_beef":12,"minecraft:cooked_mutton":9,"minecraft:stone_pickaxe":921,"minecraft:baked_potato":5,"minecraft:oak_planks":35,"minecraft:wooden_pickaxe":27,"minecraft:white_wool":2,"minecraft:crafting_table":15,"minecraft:white_bed":1,"minecraft:bread":6,"minecraft:iron_pickaxe":2998,"minecraft:stone_axe":91,"minecraft:cobblestone":164,"minecraft:cooked_porkchop":14,"minecraft:cooked_rabbit":2,"minecraft:andesite":1,"minecraft:dandelion":2},"minecraft:dropped":{"minecraft:iron_ingot":3,"minecraft:iron_sword":1,"minecraft:wheat_seeds":3,"minecraft:cooked_beef":9,"minecraft:cobblestone":982,"minecraft:granite":1,"minecraft:torch":2,"minecraft:iron_pickaxe":1,"minecraft:iron_shovel":1,"minecraft:rotten_flesh":1,"minecraft:stone":412,"minecraft:shield":1,"minecraft:wooden_pickaxe":1,"minecraft:stone_pickaxe":2},"minecraft:killed_by":{"minecraft:skeleton":1},"minecraft:mined":{"minecraft:tuff":1,"minecraft:oak_door":1,"minecraft:granite":18,"minecraft:allium":1,"minecraft:grass_block":541,"minecraft:tall_seagrass":2,"minecraft:furnace":19,"minecraft:iron_ore":152,"minecraft:andesite":4,"minecraft:pumpkin":7,"minecraft:deepslate_lapis_ore":2,"minecraft:deepslate_iron_ore":3,"biomesoplenty:yellow_maple_leaves":2,"minecraft:stone":3346,"minecraft:white_wool":2,"minecraft:dandelion":1,"minecraft:crafting_table":11,"minecraft:torch":7,"minecraft:short_grass":12,"minecraft:chest":3,"minecraft:cobblestone":25,"minecraft:copper_ore":10,"biomesoplenty:sprout":3,"minecraft:lapis_ore":16,"minecraft:oak_planks":6,"minecraft:wall_torch":5,"biomesoplenty:fir_log":16,"minecraft:oak_log":40,"minecraft:coal_ore":332,"biomesoplenty:fir_leaves":1,"minecraft:dirt":1201,"minecraft:stone_bricks":1,"minecraft:gold_ore":6,"minecraft:oak_leaves":4,"minecraft:fern":4},"minecraft:crafted":{"minecraft:oak_door":3,"minecraft:oak_planks":180,"minecraft:cooked_chicken":2,"minecraft:furnace":11,"minecraft:stone":590,"minecraft:cooked_mutton":14,"minecraft:iron_boots":1,"minecraft:iron_axe":1,"minecraft:stone_pickaxe":10,"minecraft:chest":2,"minecraft:cooked_rabbit":2,"minecraft:cooked_beef":21,"minecraft:cooked_porkchop":15,"minecraft:crafting_table":5,"minecraft:wooden_pickaxe":1,"minecraft:iron_helmet":1,"minecraft:iron_sword":1,"minecraft:cooked_salmon":6,"minecraft:copper_ingot":38,"minecraft:stone_axe":2,"minecraft:air":0,"biomesoplenty:fir_planks":44,"minecraft:iron_chestplate":1,"minecraft:charcoal":4,"minecraft:shield":2,"minecraft:stick":164,"minecraft:iron_pickaxe":13,"minecraft:iron_ingot":146,"minecraft:stone_sword":1,"minecraft:iron_leggings":1,"minecraft:iron_shovel":7,"minecraft:gold_ingot":6,"minecraft:white_bed":1,"minecraft:torch":352}},"DataVersion":3700}