{"stats":{"minecraft:picked_up":{"minecraft:iron_chestplate":2,"minecraft:wheat":68,"minecraft:smithing_table":2,"minecraft:oak_stairs":1,"minecraft:golden_shovel":3,"minecraft:brewing_stand":1,"biomesoplenty:fir_trapdoor":11,"minecraft:string":4,"minecraft:soul_soil":2,"minecraft:iron_leggings":4,"minecraft:cobbled_deepslate":25,"minecraft:smooth_stone":103,"biomesoplenty:fir_planks":20,"minecraft:iron_pickaxe":5,"minecraft:furnace":6,"minecraft:iron_boots":2,"minecraft:stick":147,"minecraft:jukebox":1,"minecraft:composter":4,"minecraft:torch":28,"minecraft:pointed_dripstone":1,"minecraft:rotten_flesh":16,"biomesoplenty:fir_slab":4,"minecraft:bookshelf":1,"minecraft:cobblestone":2016,"minecraft:sponge":6,"minecraft:feather":2,"biomesoplenty:thermal_calcite":1,"minecraft:water_bucket":2,"minecraft:andesite":5,"biomesoplenty:fir_sapling":9,"biomesoplenty:fir_log":308,"minecraft:flint":18,"minecraft:tuff":8,"minecraft:lapis_lazuli":132,"minecraft:dirt":5605,"minecraft:name_tag":2,"minecraft:chipped_anvil":1,"minecraft:bone":16,"minecraft:wheat_seeds":132,"biomesoplenty:fir_boat":25,"minecraft:raw_gold":1,"minecraft:bell":1,"minecraft:grindstone":3,"minecraft:rabbit":3,"minecraft:fletching_table":13,"minecraft:oak_planks":14,"biomesoplenty:toadstool":3,"minecraft:sand":1,"minecraft:iron_hoe":2,"minecraft:diamond":44,"minecraft:granite":191,"minecraft:golden_apple":2,"minecraft:bread":79,"minecraft:emerald":49,"minecraft:oak_sapling":13,"minecraft:netherrack":51,"minecraft:fishing_rod":2,"minecraft:crafting_table":14,"minecraft:allium":136,"minecraft:splash_potion":4,"minecraft:chicken":1,"minecraft:wooden_pickaxe":1,"minecraft:gold_block":2,"minecraft:diamond_horse_armor":3,"minecraft:shield":1,"minecraft:iron_axe":3,"minecraft:flint_and_steel":2,"minecraft:item_frame":4,"minecraft:iron_shovel":2,"minecraft:cartography_table":2,"minecraft:beef":61,"minecraft:oak_boat":1,"minecraft:lectern":60,"minecraft:cherry_trapdoor":1,"minecraft:egg":1,"minecraft:raw_iron":166,"minecraft:stone":173,"biomesoplenty:tall_white_lavender":1,"minecraft:carrot":168,"minecraft:redstone":94,"minecraft:arrow":17,"minecraft:hay_block":43,"minecraft:gold_ingot":6,"minecraft:mutton":5,"minecraft:white_wool":4,"minecraft:rail":1,"minecraft:bone_block":1,"minecraft:stripped_oak_log":6,"minecraft:leather":39,"minecraft:oak_log":39,"minecraft:chainmail_chestplate":1,"minecraft:yellow_bed":2,"minecraft:coast_armor_trim_smithing_template":4,"biomesoplenty:stripped_fir_log":1,"minecraft:stone_bricks":2,"minecraft:kelp":1,"minecraft:stone_pickaxe":1,"minecraft:rabbit_hide":2,"minecraft:iron_ingot":54,"minecraft:iron_sword":2,"minecraft:book":41,"minecraft:quartz":243,"minecraft:dripstone_block":8,"minecraft:gravel":225,"minecraft:white_bed":71,"minecraft:iron_helmet":3,"minecraft:baked_potato":6,"minecraft:coal":168,"minecraft:wooden_axe":1},"minecraft:killed_by":{"minecraft:creeper":1,"minecraft:player":1},"minecraft:mined":{"minecraft:white_bed":70,"minecraft:oak_sapling":2,"minecraft:brewing_stand":1,"minecraft:cherry_trapdoor":1,"minecraft:granite":243,"biomesoplenty:fir_slab":2,"minecraft:grass_block":2827,"minecraft:soul_soil":2,"minecraft:composter":4,"biomesoplenty:stripped_fir_log":1,"minecraft:smooth_stone":54,"minecraft:iron_ore":63,"minecraft:cobbled_deepslate":1,"minecraft:fire":10,"minecraft:fletching_table":13,"minecraft:deepslate_lapis_ore":7,"minecraft:dirt_path":6,"minecraft:oak_stairs":1,"minecraft:iron_bars":1,"minecraft:deepslate_redstone_ore":10,"biomesoplenty:maple_log":3,"minecraft:soul_fire":5,"minecraft:powder_snow":10,"biomesoplenty:thermal_calcite":1,"minecraft:torch":23,"minecraft:nether_quartz_ore":253,"minecraft:cobblestone":153,"biomesoplenty:tall_white_lavender":1,"minecraft:grindstone":3,"minecraft:oak_planks":15,"minecraft:wall_torch":1,"minecraft:birch_log":1,"minecraft:jukebox":1,"biomesoplenty:fir_log":174,"minecraft:oak_log":40,"minecraft:dirt":2812,"minecraft:netherrack":53,"minecraft:oak_leaves":15,"minecraft:deepslate":18,"minecraft:tuff":5,"minecraft:deepslate_diamond_ore":10,"minecraft:allium":68,"minecraft:spruce_leaves":7,"minecraft:cartography_table":2,"minecraft:hay_block":43,"minecraft:furnace":4,"minecraft:packed_mud":1,"minecraft:carrots":25,"biomesoplenty:toadstool":2,"minecraft:andesite":5,"minecraft:gold_block":2,"minecraft:bell":1,"minecraft:bookshelf":4,"minecraft:potatoes":1,"minecraft:deepslate_iron_ore":33,"minecraft:vine":1,"minecraft:stripped_oak_log":1,"biomesoplenty:barley":1,"minecraft:stone":1945,"minecraft:podzol":1,"minecraft:smithing_table":2,"minecraft:light_gray_carpet":3,"minecraft:crafting_table":15,"minecraft:short_grass":506,"minecraft:emerald_ore":3,"minecraft:sponge":3,"biomesoplenty:fir_planks":16,"minecraft:lectern":60,"minecraft:tall_grass":51,"minecraft:lapis_ore":5,"minecraft:deepslate_gold_ore":1,"minecraft:lily_pad":1,"minecraft:ice":10,"minecraft:white_carpet":3,"minecraft:yellow_bed":3,"minecraft:coal_ore":70,"biomesoplenty:fir_leaves":87,"biomesoplenty:fir_trapdoor":8,"minecraft:gravel":355,"minecraft:dripstone_block":2,"minecraft:stone_bricks":2,"minecraft:chipped_anvil":1,"minecraft:fern":5},"minecraft:broken":{"minecraft:golden_helmet":1,"minecraft:iron_shovel":22,"minecraft:golden_shovel":6,"minecraft:chainmail_chestplate":1,"minecraft:stone_axe":1,"minecraft:wooden_axe":1,"minecraft:shield":1,"minecraft:iron_axe":1,"minecraft:iron_pickaxe":11,"minecraft:iron_helmet":1,"minecraft:golden_pickaxe":4},"minecraft:used":{"minecraft:iron_shovel":5628,"minecraft:shield":47,"minecraft:iron_sword":155,"minecraft:bell":1,"minecraft:rotten_flesh":1,"minecraft:iron_chestplate":1,"minecraft:mutton":2,"minecraft:carrot":52,"minecraft:allium":3,"minecraft:tuff":8,"minecraft:glass":2,"minecraft:hay_block":1,"minecraft:furnace":5,"biomesoplenty:fir_trapdoor":18,"minecraft:stone_pickaxe":99,"minecraft:oak_planks":47,"minecraft:wooden_pickaxe":16,"biomesoplenty:fir_planks":160,"biomesoplenty:fir_boat":25,"minecraft:composter":3,"minecraft:golden_apple":2,"minecraft:glow_berries":5,"minecraft:sand":1,"biomesoplenty:tall_white_lavender":1,"minecraft:bread":164,"minecraft:lectern":63,"minecraft:gravel":140,"minecraft:grindstone":3,"minecraft:smithing_table":2,"minecraft:andesite":5,"minecraft:oak_boat":1,"minecraft:golden_pickaxe":128,"minecraft:oak_trapdoor":1,"minecraft:flint_and_steel":1,"minecraft:torch":164,"minecraft:brewing_stand":1,"minecraft:dirt":2723,"minecraft:anvil":1,"minecraft:golden_shovel":194,"minecraft:iron_hoe":40,"minecraft:wooden_axe":45,"minecraft:iron_axe":632,"minecraft:cherry_trapdoor":3,"minecraft:iron_boots":1,"minecraft:cooked_beef":17,"minecraft:cobbled_deepslate":25,"minecraft:iron_leggings":1,"minecraft:cooked_mutton":3,"minecraft:water_bucket":2,"minecraft:baked_potato":10,"minecraft:cartography_table":2,"minecraft:cherry_planks":8,"minecraft:fletching_table":18,"biomesoplenty:fir_slab":4,"minecraft:crafting_table":19,"minecraft:white_bed":70,"minecraft:diamond_pickaxe":67,"minecraft:iron_pickaxe":2668,"minecraft:stone_axe":66,"minecraft:fishing_rod":3,"minecraft:cobblestone":231,"minecraft:yellow_bed":2,"minecraft:pumpkin_pie":1,"biomesoplenty:fir_log":3,"minecraft:splash_potion":2,"minecraft:jukebox":1,"minecraft:smooth_stone":136},"minecraft:custom":{"minecraft:interact_with_crafting_table":97,"minecraft:open_barrel":24,"minecraft:bell_ring":5,"minecraft:leave_game":11,"minecraft:time_since_death":336941,"minecraft:sprint_one_cm":2132585,"minecraft:damage_blocked_by_shield":3005,"minecraft:drop":144,"minecraft:talked_to_villager":265,"minecraft:play_time":955810,"minecraft:deaths":3,"minecraft:jump":13900,"minecraft:interact_with_brewingstand":4,"minecraft:walk_on_water_one_cm":46956,"minecraft:enchant_item":1,"minecraft:interact_with_furnace":95,"minecraft:traded_with_villager":79,"minecraft:interact_with_cartography_table":4,"minecraft:sleep_in_bed":47,"minecraft:damage_dealt":21650,"minecraft:player_kills":1,"minecraft:crouch_one_cm":229312,"minecraft:horse_one_cm":995,"minecraft:interact_with_smithing_table":2,"minecraft:interact_with_anvil":1,"minecraft:mob_kills":117,"minecraft:climb_one_cm":8524,"minecraft:walk_one_cm":1854585,"minecraft:sneak_time":51449,"minecraft:walk_under_water_one_cm":32227,"minecraft:boat_one_cm":1733734,"minecraft:total_world_time":955810,"minecraft:interact_with_grindstone":2,"minecraft:interact_with_stonecutter":3,"minecraft:time_since_rest":46588,"minecraft:damage_taken":6763,"minecraft:damage_absorbed":40,"minecraft:swim_one_cm":108563,"minecraft:fly_one_cm":2972055,"minecraft:open_chest":243,"minecraft:fall_one_cm":375319},"minecraft:killed":{"minecraft:spider":6,"minecraft:skeleton":19,"minecraft:chicken":1,"minecraft:piglin":2,"minecraft:zombie_villager":2,"minecraft:creeper":1,"minecraft:sheep":5,"minecraft:zombie":63,"minecraft:cow":13,"minecraft:rabbit":5},"minecraft:crafted":{"biomesoplenty:fir_trapdoor":12,"minecraft:oak_planks":148,"minecraft:smooth_stone":83,"minecraft:bookshelf":2,"minecraft:cooked_mutton":3,"minecraft:quartz_block":60,"minecraft:glass":2,"minecraft:iron_boots":1,"biomesoplenty:fir_slab":12,"minecraft:oak_slab":6,"minecraft:emerald":55,"minecraft:crafting_table":5,"minecraft:wooden_pickaxe":1,"minecraft:golden_pickaxe":4,"minecraft:fletching_table":5,"minecraft:hay_block":28,"biomesoplenty:fir_planks":1041,"minecraft:lectern":3,"minecraft:iron_chestplate":1,"minecraft:diamond_pickaxe":1,"minecraft:shield":1,"minecraft:stick":1736,"minecraft:iron_ingot":106,"minecraft:iron_pickaxe":9,"minecraft:iron_block":3,"minecraft:gold_ingot":20,"minecraft:cherry_planks":12,"minecraft:furnace":1,"minecraft:oak_trapdoor":2,"minecraft:cherry_trapdoor":2,"minecraft:iron_axe":2,"minecraft:stone_pickaxe":1,"minecraft:wheat":616,"minecraft:cooked_beef":17,"biomesoplenty:fir_boat":1,"minecraft:iron_sword":1,"minecraft:golden_shovel":6,"minecraft:stone_axe":1,"minecraft:enchanted_book":2,"minecraft:bread":177,"minecraft:air":0,"minecraft:oak_boat":1,"minecraft:wooden_axe":1,"minecraft:iron_shovel":22,"minecraft:iron_leggings":1,"minecraft:anvil":1,"minecraft:pumpkin_pie":48,"minecraft:torch":116},"minecraft:dropped":{"minecraft:lapis_lazuli":68,"minecraft:oak_log":3,"minecraft:diamond":11,"biomesoplenty:thermal_calcite":1,"minecraft:item_frame":1,"minecraft:flint":4,"minecraft:dirt":233,"minecraft:pumpkin_pie":48,"minecraft:iron_pickaxe":1,"minecraft:gold_ingot":2,"minecraft:bone":2,"minecraft:gravel":29,"biomesoplenty:toadstool":3,"minecraft:iron_nugget":1,"minecraft:pointed_dripstone":1,"minecraft:rotten_flesh":5,"minecraft:oak_planks":4,"minecraft:golden_shovel":1,"minecraft:white_bed":1,"minecraft:carrot":47,"minecraft:rabbit_hide":2,"minecraft:quartz_block":60,"minecraft:beetroot_seeds":3,"minecraft:arrow":1,"minecraft:beef":11,"minecraft:quartz":3,"minecraft:netherrack":51,"minecraft:bread":37,"minecraft:wheat_seeds":132,"minecraft:dripstone_block":8,"minecraft:feather":2,"minecraft:cobblestone":98,"minecraft:book":5,"minecraft:granite":65,"minecraft:coal":56,"minecraft:stick":13,"minecraft:diamond_horse_armor":1,"minecraft:sponge":3,"biomesoplenty:fir_trapdoor":1,"minecraft:wooden_axe":1,"minecraft:rabbit":3,"minecraft:iron_leggings":2,"minecraft:oak_stairs":1,"minecraft:iron_axe":2,"minecraft:smooth_stone":1,"minecraft:string":1,"minecraft:bucket":2,"minecraft:redstone":47,"minecraft:furnace":2,"minecraft:kelp":1,"minecraft:soul_soil":2,"minecraft:iron_hoe":1,"minecraft:stripped_oak_log":5,"minecraft:pumpkin_seeds":2,"minecraft:flint_and_steel":1,"minecraft:filled_map":1,"minecraft:allium":10,"minecraft:oak_sapling":13,"minecraft:stone_pickaxe":2,"minecraft:wooden_pickaxe":2,"minecraft:raw_gold":1}},"DataVersion":3700}