{"stats":{"minecraft:killed":{"minecraft:spider":1,"minecraft:skeleton":3,"minecraft:sheep":3,"minecraft:zombie":6,"minecraft:chicken":1,"minecraft:cow":8},"minecraft:picked_up":{"minecraft:wooden_axe":1,"minecraft:crafting_table":7,"minecraft:feather":2,"minecraft:chicken":1,"minecraft:andesite":5,"minecraft:leather":6,"minecraft:wooden_pickaxe":1,"minecraft:gold_block":1,"minecraft:oak_log":23,"minecraft:chainmail_chestplate":1,"minecraft:lapis_lazuli":31,"minecraft:string":3,"minecraft:dirt":5,"minecraft:bone":2,"minecraft:cobbled_deepslate":2,"minecraft:beef":17,"minecraft:furnace":1,"minecraft:egg":1,"biomesoplenty:toadstool":2,"minecraft:stick":1,"minecraft:raw_iron":50,"minecraft:arrow":3,"minecraft:rotten_flesh":2,"minecraft:emerald":3,"minecraft:mutton":5,"minecraft:coal":55,"minecraft:white_wool":3,"minecraft:cobblestone":53},"minecraft:broken":{"minecraft:wooden_axe":1},"minecraft:dropped":{"minecraft:wooden_axe":1,"minecraft:wooden_pickaxe":2},"minecraft:killed_by":{"minecraft:player":1},"minecraft:used":{"minecraft:cooked_mutton":3,"minecraft:stone_pickaxe":99,"minecraft:wooden_pickaxe":16,"minecraft:shield":3,"minecraft:torch":24,"minecraft:dirt":5,"minecraft:mutton":2,"minecraft:crafting_table":8,"minecraft:wooden_axe":45,"minecraft:iron_pickaxe":62,"minecraft:stone_axe":17,"minecraft:cobblestone":38,"minecraft:furnace":2,"minecraft:andesite":5,"minecraft:cooked_beef":3,"minecraft:iron_leggings":1},"minecraft:custom":{"minecraft:interact_with_furnace":17,"minecraft:mob_kills":22,"minecraft:interact_with_crafting_table":10,"minecraft:leave_game":1,"minecraft:time_since_death":34416,"minecraft:time_since_rest":34440,"minecraft:sprint_one_cm":108629,"minecraft:damage_taken":628,"minecraft:walk_one_cm":72158,"minecraft:damage_blocked_by_shield":105,"minecraft:drop":3,"minecraft:damage_dealt":2792,"minecraft:swim_one_cm":4529,"minecraft:fly_one_cm":119095,"minecraft:open_chest":1,"minecraft:crouch_one_cm":15342,"minecraft:play_time":36805,"minecraft:deaths":1,"minecraft:sneak_time":5052,"minecraft:walk_under_water_one_cm":6261,"minecraft:jump":871,"minecraft:walk_on_water_one_cm":3575,"minecraft:total_world_time":36805,"minecraft:fall_one_cm":27933},"minecraft:mined":{"minecraft:crafting_table":7,"minecraft:short_grass":1,"minecraft:emerald_ore":3,"minecraft:grass_block":2,"minecraft:cobblestone":1,"minecraft:lapis_ore":2,"minecraft:furnace":1,"biomesoplenty:toadstool":2,"minecraft:iron_ore":40,"minecraft:andesite":5,"minecraft:deepslate_lapis_ore":5,"minecraft:gold_block":1,"minecraft:oak_log":23,"minecraft:coal_ore":56,"minecraft:deepslate_iron_ore":10,"minecraft:dirt":3,"minecraft:stone":51,"minecraft:deepslate":2,"minecraft:oak_leaves":5},"minecraft:crafted":{"minecraft:cooked_beef":9,"minecraft:oak_planks":28,"minecraft:crafting_table":1,"minecraft:wooden_pickaxe":1,"minecraft:furnace":1,"minecraft:stone_axe":1,"minecraft:cooked_mutton":3,"minecraft:air":0,"minecraft:shield":1,"minecraft:stick":20,"minecraft:iron_ingot":12,"minecraft:iron_pickaxe":1,"minecraft:stone_pickaxe":1,"minecraft:wooden_axe":1,"minecraft:iron_leggings":1,"minecraft:torch":36}},"DataVersion":3700}