{"stats":{"minecraft:custom":{"minecraft:interact_with_furnace":34,"minecraft:mob_kills":53,"minecraft:interact_with_crafting_table":22,"minecraft:bell_ring":5,"minecraft:leave_game":2,"minecraft:time_since_death":87208,"minecraft:sleep_in_bed":1,"minecraft:climb_one_cm":452,"minecraft:time_since_rest":11039,"minecraft:sprint_one_cm":357890,"minecraft:damage_absorbed":40,"minecraft:damage_taken":2241,"minecraft:walk_one_cm":188099,"minecraft:damage_blocked_by_shield":2540,"minecraft:drop":13,"minecraft:damage_dealt":8216,"minecraft:talked_to_villager":3,"minecraft:swim_one_cm":16567,"minecraft:fly_one_cm":467604,"minecraft:open_chest":3,"minecraft:crouch_one_cm":23805,"minecraft:play_time":89597,"minecraft:deaths":1,"minecraft:sneak_time":7216,"minecraft:walk_under_water_one_cm":12603,"minecraft:jump":2463,"minecraft:walk_on_water_one_cm":7458,"minecraft:total_world_time":89597,"minecraft:fall_one_cm":88862},"minecraft:picked_up":{"minecraft:wooden_axe":1,"minecraft:crafting_table":10,"minecraft:wheat":14,"minecraft:feather":2,"minecraft:chicken":1,"minecraft:andesite":5,"minecraft:leather":13,"minecraft:wooden_pickaxe":1,"minecraft:gold_block":1,"minecraft:tuff":8,"minecraft:oak_log":23,"minecraft:chainmail_chestplate":1,"minecraft:lapis_lazuli":68,"minecraft:dirt":5,"minecraft:string":3,"minecraft:bone":14,"minecraft:wheat_seeds":3,"minecraft:cobbled_deepslate":24,"minecraft:raw_gold":1,"minecraft:bell":1,"minecraft:rabbit_hide":1,"minecraft:beef":28,"minecraft:rabbit":1,"minecraft:egg":1,"minecraft:furnace":5,"biomesoplenty:toadstool":3,"minecraft:stick":3,"minecraft:raw_iron":89,"minecraft:torch":1,"minecraft:dripstone_block":8,"minecraft:pointed_dripstone":1,"minecraft:white_bed":1,"minecraft:redstone":47,"minecraft:arrow":16,"minecraft:rotten_flesh":10,"minecraft:diamond":10,"minecraft:hay_block":27,"minecraft:emerald":3,"minecraft:mutton":5,"minecraft:coal":92,"minecraft:white_wool":4,"minecraft:cobblestone":56},"minecraft:killed":{"minecraft:rabbit":2,"minecraft:spider":1,"minecraft:creeper":1,"minecraft:sheep":5,"minecraft:skeleton":14,"minecraft:zombie":16,"minecraft:chicken":1,"minecraft:cow":13},"minecraft:broken":{"minecraft:chainmail_chestplate":1,"minecraft:stone_axe":1,"minecraft:wooden_axe":1},"minecraft:used":{"minecraft:cooked_mutton":3,"minecraft:stone_pickaxe":99,"minecraft:wooden_pickaxe":16,"minecraft:shield":37,"minecraft:iron_chestplate":1,"minecraft:glow_berries":5,"minecraft:torch":124,"minecraft:golden_apple":2,"minecraft:dirt":5,"minecraft:mutton":2,"minecraft:crafting_table":12,"minecraft:tuff":8,"minecraft:wooden_axe":45,"minecraft:iron_axe":69,"minecraft:bread":6,"minecraft:iron_pickaxe":154,"minecraft:iron_boots":1,"minecraft:stone_axe":66,"minecraft:cobblestone":39,"minecraft:furnace":4,"minecraft:andesite":5,"minecraft:cooked_beef":17,"minecraft:iron_leggings":1},"minecraft:dropped":{"minecraft:furnace":1,"minecraft:wheat_seeds":3,"minecraft:iron_nugget":1,"minecraft:pointed_dripstone":1,"minecraft:feather":2,"minecraft:cobblestone":3,"minecraft:stick":2,"minecraft:wooden_axe":1,"minecraft:wooden_pickaxe":2},"minecraft:killed_by":{"minecraft:player":1},"minecraft:mined":{"minecraft:deepslate_redstone_ore":10,"minecraft:light_gray_carpet":3,"minecraft:tuff":5,"minecraft:white_bed":1,"minecraft:deepslate_diamond_ore":10,"minecraft:powder_snow":5,"minecraft:crafting_table":11,"minecraft:short_grass":5,"minecraft:emerald_ore":3,"minecraft:grass_block":2,"minecraft:cobblestone":3,"minecraft:deepslate_gold_ore":1,"minecraft:lapis_ore":5,"minecraft:hay_block":27,"minecraft:furnace":4,"biomesoplenty:toadstool":2,"minecraft:iron_ore":51,"minecraft:white_carpet":2,"minecraft:andesite":5,"minecraft:deepslate_lapis_ore":7,"minecraft:gold_block":1,"minecraft:bell":1,"minecraft:oak_log":23,"minecraft:coal_ore":56,"minecraft:deepslate_iron_ore":33,"minecraft:dripstone_block":2,"minecraft:dirt":3,"minecraft:stone":53,"minecraft:fern":3,"minecraft:oak_leaves":8,"minecraft:deepslate":18},"minecraft:crafted":{"minecraft:cooked_beef":17,"minecraft:oak_planks":40,"minecraft:crafting_table":2,"minecraft:wooden_pickaxe":1,"minecraft:furnace":1,"minecraft:hay_block":28,"minecraft:stone_axe":1,"minecraft:bread":51,"minecraft:cooked_mutton":3,"minecraft:air":0,"minecraft:iron_chestplate":1,"minecraft:iron_boots":1,"minecraft:shield":1,"minecraft:iron_axe":1,"minecraft:stick":36,"minecraft:iron_ingot":34,"minecraft:iron_pickaxe":1,"minecraft:stone_pickaxe":1,"minecraft:wooden_axe":1,"minecraft:gold_ingot":11,"minecraft:iron_leggings":1,"minecraft:torch":92,"minecraft:wheat":391}},"DataVersion":3700}