{"stats":{"minecraft:picked_up":{"minecraft:iron_chestplate":2,"minecraft:wheat":68,"minecraft:smithing_table":2,"minecraft:oak_stairs":1,"minecraft:golden_shovel":3,"minecraft:brewing_stand":1,"biomesoplenty:fir_trapdoor":8,"minecraft:string":4,"minecraft:soul_soil":2,"minecraft:iron_leggings":2,"minecraft:cobbled_deepslate":25,"minecraft:smooth_stone":103,"biomesoplenty:fir_planks":10,"minecraft:iron_pickaxe":5,"minecraft:iron_boots":2,"minecraft:furnace":6,"minecraft:stick":147,"minecraft:jukebox":1,"minecraft:composter":4,"minecraft:torch":28,"minecraft:pointed_dripstone":1,"minecraft:rotten_flesh":14,"minecraft:cobblestone":1948,"minecraft:sponge":6,"minecraft:feather":2,"biomesoplenty:thermal_calcite":1,"minecraft:water_bucket":2,"minecraft:andesite":5,"biomesoplenty:fir_sapling":9,"biomesoplenty:fir_log":299,"minecraft:flint":18,"minecraft:tuff":8,"minecraft:lapis_lazuli":132,"minecraft:dirt":5576,"minecraft:name_tag":2,"minecraft:bone":16,"minecraft:wheat_seeds":132,"biomesoplenty:fir_boat":23,"minecraft:raw_gold":1,"minecraft:bell":1,"minecraft:grindstone":3,"minecraft:rabbit":3,"minecraft:fletching_table":13,"minecraft:oak_planks":14,"biomesoplenty:toadstool":3,"minecraft:sand":1,"minecraft:iron_hoe":2,"minecraft:diamond":44,"minecraft:granite":191,"minecraft:golden_apple":2,"minecraft:bread":79,"minecraft:emerald":49,"minecraft:oak_sapling":11,"minecraft:fishing_rod":2,"minecraft:crafting_table":12,"minecraft:allium":136,"minecraft:splash_potion":4,"minecraft:chicken":1,"minecraft:wooden_pickaxe":1,"minecraft:gold_block":2,"minecraft:diamond_horse_armor":3,"minecraft:shield":1,"minecraft:iron_axe":3,"minecraft:item_frame":4,"minecraft:iron_shovel":2,"minecraft:cartography_table":2,"minecraft:beef":61,"minecraft:lectern":33,"minecraft:cherry_trapdoor":1,"minecraft:egg":1,"minecraft:raw_iron":166,"minecraft:stone":173,"biomesoplenty:tall_white_lavender":1,"minecraft:carrot":168,"minecraft:redstone":94,"minecraft:arrow":17,"minecraft:hay_block":43,"minecraft:gold_ingot":6,"minecraft:mutton":5,"minecraft:white_wool":4,"minecraft:rail":1,"minecraft:bone_block":1,"minecraft:stripped_oak_log":6,"minecraft:leather":39,"minecraft:oak_log":24,"minecraft:chainmail_chestplate":1,"minecraft:yellow_bed":2,"minecraft:coast_armor_trim_smithing_template":4,"biomesoplenty:stripped_fir_log":1,"minecraft:stone_bricks":2,"minecraft:kelp":1,"minecraft:rabbit_hide":2,"minecraft:iron_ingot":54,"minecraft:iron_sword":2,"minecraft:book":41,"minecraft:dripstone_block":8,"minecraft:gravel":225,"minecraft:white_bed":71,"minecraft:iron_helmet":3,"minecraft:coal":168,"minecraft:wooden_axe":1},"minecraft:killed_by":{"minecraft:creeper":1,"minecraft:player":1},"minecraft:mined":{"minecraft:white_bed":70,"minecraft:oak_sapling":1,"minecraft:brewing_stand":1,"minecraft:cherry_trapdoor":1,"minecraft:granite":243,"minecraft:grass_block":2822,"minecraft:soul_soil":2,"minecraft:composter":4,"biomesoplenty:stripped_fir_log":1,"minecraft:smooth_stone":54,"minecraft:iron_ore":63,"minecraft:cobbled_deepslate":1,"minecraft:fire":1,"minecraft:fletching_table":13,"minecraft:deepslate_lapis_ore":7,"minecraft:dirt_path":6,"minecraft:oak_stairs":1,"minecraft:iron_bars":1,"minecraft:deepslate_redstone_ore":10,"biomesoplenty:maple_log":3,"minecraft:powder_snow":10,"biomesoplenty:thermal_calcite":1,"minecraft:torch":23,"minecraft:cobblestone":140,"biomesoplenty:tall_white_lavender":1,"minecraft:grindstone":3,"minecraft:oak_planks":15,"minecraft:wall_torch":1,"minecraft:birch_log":1,"minecraft:jukebox":1,"biomesoplenty:fir_log":174,"minecraft:oak_log":25,"minecraft:dirt":2788,"minecraft:oak_leaves":13,"minecraft:deepslate":18,"minecraft:tuff":5,"minecraft:deepslate_diamond_ore":10,"minecraft:allium":68,"minecraft:spruce_leaves":7,"minecraft:cartography_table":2,"minecraft:hay_block":43,"minecraft:furnace":4,"minecraft:packed_mud":1,"minecraft:carrots":25,"biomesoplenty:toadstool":2,"minecraft:andesite":5,"minecraft:gold_block":2,"minecraft:bell":1,"minecraft:bookshelf":4,"minecraft:potatoes":1,"minecraft:deepslate_iron_ore":33,"minecraft:vine":1,"minecraft:stripped_oak_log":1,"biomesoplenty:barley":1,"minecraft:stone":1890,"minecraft:podzol":1,"minecraft:smithing_table":2,"minecraft:light_gray_carpet":3,"minecraft:crafting_table":13,"minecraft:short_grass":506,"minecraft:emerald_ore":3,"minecraft:sponge":3,"biomesoplenty:fir_planks":6,"minecraft:lectern":33,"minecraft:tall_grass":51,"minecraft:lapis_ore":5,"minecraft:deepslate_gold_ore":1,"minecraft:lily_pad":1,"minecraft:ice":10,"minecraft:white_carpet":3,"minecraft:yellow_bed":3,"minecraft:coal_ore":70,"biomesoplenty:fir_leaves":87,"biomesoplenty:fir_trapdoor":5,"minecraft:gravel":355,"minecraft:dripstone_block":2,"minecraft:stone_bricks":2,"minecraft:fern":5},"minecraft:broken":{"minecraft:golden_helmet":1,"minecraft:iron_shovel":22,"minecraft:golden_shovel":6,"minecraft:chainmail_chestplate":1,"minecraft:stone_axe":1,"minecraft:wooden_axe":1,"minecraft:shield":1,"minecraft:iron_axe":1,"minecraft:iron_pickaxe":9,"minecraft:golden_pickaxe":4},"minecraft:used":{"minecraft:iron_shovel":5628,"minecraft:shield":47,"minecraft:iron_sword":148,"minecraft:bell":1,"minecraft:rotten_flesh":1,"minecraft:iron_chestplate":1,"minecraft:mutton":2,"minecraft:carrot":52,"minecraft:allium":3,"minecraft:tuff":8,"minecraft:glass":2,"minecraft:hay_block":1,"minecraft:furnace":5,"biomesoplenty:fir_trapdoor":5,"minecraft:stone_pickaxe":99,"minecraft:oak_planks":12,"minecraft:wooden_pickaxe":16,"biomesoplenty:fir_planks":138,"biomesoplenty:fir_boat":22,"minecraft:composter":3,"minecraft:golden_apple":2,"minecraft:glow_berries":5,"minecraft:sand":1,"biomesoplenty:tall_white_lavender":1,"minecraft:bread":159,"minecraft:lectern":35,"minecraft:gravel":140,"minecraft:grindstone":3,"minecraft:smithing_table":2,"minecraft:andesite":5,"minecraft:golden_pickaxe":128,"minecraft:torch":164,"minecraft:brewing_stand":1,"minecraft:dirt":2711,"minecraft:golden_shovel":194,"minecraft:iron_hoe":40,"minecraft:wooden_axe":45,"minecraft:iron_axe":556,"minecraft:cherry_trapdoor":3,"minecraft:iron_boots":1,"minecraft:cooked_beef":17,"minecraft:cobbled_deepslate":25,"minecraft:iron_leggings":1,"minecraft:cooked_mutton":3,"minecraft:water_bucket":2,"minecraft:cartography_table":2,"minecraft:cherry_planks":8,"minecraft:fletching_table":18,"minecraft:crafting_table":16,"minecraft:white_bed":70,"minecraft:iron_pickaxe":2356,"minecraft:stone_axe":66,"minecraft:fishing_rod":3,"minecraft:cobblestone":192,"minecraft:yellow_bed":2,"minecraft:pumpkin_pie":1,"biomesoplenty:fir_log":3,"minecraft:smooth_stone":136,"minecraft:jukebox":1},"minecraft:custom":{"minecraft:interact_with_crafting_table":82,"minecraft:open_barrel":24,"minecraft:bell_ring":5,"minecraft:leave_game":10,"minecraft:time_since_death":253108,"minecraft:sprint_one_cm":1952884,"minecraft:damage_blocked_by_shield":3005,"minecraft:drop":132,"minecraft:talked_to_villager":216,"minecraft:play_time":871977,"minecraft:deaths":3,"minecraft:jump":12729,"minecraft:interact_with_brewingstand":4,"minecraft:walk_on_water_one_cm":46197,"minecraft:interact_with_furnace":79,"minecraft:traded_with_villager":76,"minecraft:interact_with_cartography_table":4,"minecraft:sleep_in_bed":46,"minecraft:damage_dealt":20542,"minecraft:crouch_one_cm":217575,"minecraft:horse_one_cm":995,"minecraft:interact_with_smithing_table":2,"minecraft:mob_kills":114,"minecraft:climb_one_cm":8524,"minecraft:walk_one_cm":1716164,"minecraft:sneak_time":47792,"minecraft:walk_under_water_one_cm":32227,"minecraft:boat_one_cm":1566348,"minecraft:total_world_time":871977,"minecraft:interact_with_grindstone":2,"minecraft:interact_with_stonecutter":3,"minecraft:time_since_rest":24871,"minecraft:damage_taken":6520,"minecraft:damage_absorbed":40,"minecraft:swim_one_cm":108563,"minecraft:fly_one_cm":2712238,"minecraft:open_chest":202,"minecraft:fall_one_cm":351885},"minecraft:killed":{"minecraft:spider":5,"minecraft:skeleton":19,"minecraft:chicken":1,"minecraft:zombie_villager":2,"minecraft:creeper":1,"minecraft:sheep":5,"minecraft:zombie":63,"minecraft:cow":13,"minecraft:rabbit":5},"minecraft:crafted":{"biomesoplenty:fir_trapdoor":2,"minecraft:oak_planks":88,"minecraft:smooth_stone":83,"minecraft:bookshelf":2,"minecraft:cooked_mutton":3,"minecraft:glass":2,"minecraft:iron_boots":1,"biomesoplenty:fir_slab":12,"minecraft:emerald":52,"minecraft:crafting_table":5,"minecraft:wooden_pickaxe":1,"minecraft:golden_pickaxe":4,"minecraft:fletching_table":5,"minecraft:hay_block":28,"biomesoplenty:fir_planks":1005,"minecraft:lectern":2,"minecraft:iron_chestplate":1,"minecraft:shield":1,"minecraft:stick":1632,"minecraft:iron_ingot":65,"minecraft:iron_pickaxe":8,"minecraft:gold_ingot":20,"minecraft:cherry_planks":12,"minecraft:furnace":1,"minecraft:cherry_trapdoor":2,"minecraft:iron_axe":2,"minecraft:stone_pickaxe":1,"minecraft:wheat":616,"minecraft:cooked_beef":17,"biomesoplenty:fir_boat":1,"minecraft:iron_sword":1,"minecraft:golden_shovel":6,"minecraft:stone_axe":1,"minecraft:enchanted_book":2,"minecraft:bread":177,"minecraft:air":0,"minecraft:wooden_axe":1,"minecraft:iron_shovel":22,"minecraft:iron_leggings":1,"minecraft:pumpkin_pie":48,"minecraft:torch":116},"minecraft:dropped":{"minecraft:lapis_lazuli":68,"minecraft:oak_log":3,"minecraft:diamond":11,"biomesoplenty:thermal_calcite":1,"minecraft:item_frame":1,"minecraft:flint":3,"minecraft:dirt":233,"minecraft:pumpkin_pie":48,"minecraft:iron_pickaxe":1,"minecraft:gold_ingot":2,"minecraft:bone":2,"minecraft:gravel":29,"biomesoplenty:toadstool":3,"minecraft:iron_nugget":1,"minecraft:pointed_dripstone":1,"minecraft:rotten_flesh":2,"minecraft:oak_planks":4,"minecraft:golden_shovel":1,"minecraft:white_bed":1,"minecraft:carrot":47,"minecraft:rabbit_hide":2,"minecraft:beetroot_seeds":3,"minecraft:arrow":1,"minecraft:beef":11,"minecraft:bread":37,"minecraft:wheat_seeds":132,"minecraft:dripstone_block":8,"minecraft:feather":2,"minecraft:cobblestone":98,"minecraft:book":5,"minecraft:granite":65,"minecraft:coal":56,"minecraft:stick":13,"minecraft:diamond_horse_armor":1,"minecraft:sponge":3,"biomesoplenty:fir_trapdoor":1,"minecraft:wooden_axe":1,"minecraft:rabbit":3,"minecraft:oak_stairs":1,"minecraft:iron_axe":2,"minecraft:smooth_stone":1,"minecraft:string":1,"minecraft:bucket":2,"minecraft:redstone":47,"minecraft:furnace":2,"minecraft:kelp":1,"minecraft:soul_soil":2,"minecraft:iron_hoe":1,"minecraft:stripped_oak_log":5,"minecraft:pumpkin_seeds":2,"minecraft:filled_map":1,"minecraft:allium":10,"minecraft:oak_sapling":11,"minecraft:stone_pickaxe":1,"minecraft:wooden_pickaxe":2,"minecraft:raw_gold":1}},"DataVersion":3700}