{"stats":{"minecraft:custom":{"minecraft:interact_with_smithing_table":1,"minecraft:mob_kills":99,"minecraft:interact_with_crafting_table":59,"minecraft:open_barrel":24,"minecraft:bell_ring":5,"minecraft:leave_game":8,"minecraft:time_since_death":444200,"minecraft:climb_one_cm":8524,"minecraft:sprint_one_cm":1277962,"minecraft:walk_one_cm":1028086,"minecraft:damage_blocked_by_shield":2780,"minecraft:drop":77,"minecraft:talked_to_villager":7,"minecraft:play_time":446589,"minecraft:sneak_time":33194,"minecraft:deaths":1,"minecraft:walk_under_water_one_cm":31929,"minecraft:boat_one_cm":1116453,"minecraft:interact_with_brewingstand":4,"minecraft:jump":8111,"minecraft:walk_on_water_one_cm":39224,"minecraft:total_world_time":446589,"minecraft:interact_with_furnace":55,"minecraft:interact_with_cartography_table":4,"minecraft:interact_with_grindstone":2,"minecraft:sleep_in_bed":25,"minecraft:time_since_rest":17286,"minecraft:damage_taken":4359,"minecraft:damage_absorbed":40,"minecraft:damage_dealt":17453,"minecraft:swim_one_cm":107737,"minecraft:fly_one_cm":1753125,"minecraft:open_chest":123,"minecraft:crouch_one_cm":153573,"minecraft:fall_one_cm":239888},"minecraft:picked_up":{"minecraft:wooden_axe":1,"minecraft:crafting_table":10,"minecraft:wheat":14,"minecraft:allium":96,"minecraft:chicken":1,"minecraft:smithing_table":2,"minecraft:wooden_pickaxe":1,"minecraft:gold_block":2,"minecraft:brewing_stand":1,"minecraft:string":3,"minecraft:iron_axe":1,"minecraft:item_frame":1,"minecraft:cartography_table":2,"minecraft:cobbled_deepslate":25,"minecraft:beef":28,"minecraft:furnace":6,"minecraft:egg":1,"minecraft:stick":3,"minecraft:raw_iron":100,"minecraft:jukebox":1,"minecraft:torch":13,"biomesoplenty:tall_white_lavender":1,"minecraft:pointed_dripstone":1,"minecraft:redstone":47,"minecraft:rotten_flesh":12,"minecraft:arrow":16,"minecraft:hay_block":42,"minecraft:mutton":5,"minecraft:white_wool":4,"minecraft:cobblestone":1557,"minecraft:sponge":3,"minecraft:feather":2,"biomesoplenty:thermal_calcite":1,"minecraft:andesite":5,"minecraft:leather":13,"minecraft:flint":4,"minecraft:tuff":8,"minecraft:oak_log":24,"minecraft:chainmail_chestplate":1,"minecraft:lapis_lazuli":68,"minecraft:dirt":4239,"minecraft:bone":14,"minecraft:stone_bricks":2,"minecraft:kelp":1,"minecraft:wheat_seeds":84,"minecraft:raw_gold":1,"minecraft:bell":1,"minecraft:rabbit_hide":2,"minecraft:grindstone":3,"minecraft:fletching_table":2,"minecraft:rabbit":3,"minecraft:book":12,"biomesoplenty:toadstool":3,"minecraft:dripstone_block":8,"minecraft:gravel":60,"minecraft:sand":1,"minecraft:white_bed":20,"minecraft:diamond":11,"minecraft:iron_helmet":1,"minecraft:granite":191,"minecraft:emerald":3,"minecraft:coal":112},"minecraft:killed":{"minecraft:spider":3,"minecraft:skeleton":16,"minecraft:chicken":1,"minecraft:zombie_villager":1,"minecraft:rabbit":5,"minecraft:creeper":1,"minecraft:sheep":5,"minecraft:zombie":54,"minecraft:cow":13},"minecraft:broken":{"minecraft:golden_helmet":1,"minecraft:iron_shovel":17,"minecraft:golden_shovel":6,"minecraft:chainmail_chestplate":1,"minecraft:stone_axe":1,"minecraft:iron_pickaxe":7,"minecraft:golden_pickaxe":4,"minecraft:wooden_axe":1},"minecraft:used":{"minecraft:iron_shovel":4437,"minecraft:shield":41,"minecraft:iron_sword":124,"minecraft:bell":1,"minecraft:rotten_flesh":1,"minecraft:iron_chestplate":1,"minecraft:torch":149,"minecraft:brewing_stand":1,"minecraft:dirt":1426,"minecraft:mutton":2,"minecraft:allium":3,"minecraft:golden_shovel":194,"minecraft:tuff":8,"minecraft:wooden_axe":45,"minecraft:iron_axe":189,"minecraft:iron_boots":1,"minecraft:furnace":5,"minecraft:cooked_beef":17,"minecraft:cobbled_deepslate":25,"minecraft:cooked_mutton":3,"minecraft:iron_leggings":1,"minecraft:stone_pickaxe":99,"minecraft:cartography_table":2,"minecraft:wooden_pickaxe":16,"minecraft:fletching_table":2,"minecraft:golden_apple":2,"minecraft:glow_berries":5,"minecraft:sand":1,"minecraft:crafting_table":13,"minecraft:white_bed":19,"biomesoplenty:tall_white_lavender":1,"minecraft:bread":90,"minecraft:iron_pickaxe":1997,"minecraft:stone_axe":66,"minecraft:fishing_rod":3,"minecraft:cobblestone":43,"minecraft:grindstone":3,"minecraft:smithing_table":2,"minecraft:andesite":5,"minecraft:pumpkin_pie":1,"minecraft:golden_pickaxe":128,"minecraft:jukebox":1},"minecraft:dropped":{"minecraft:wheat_seeds":84,"minecraft:lapis_lazuli":4,"minecraft:dripstone_block":8,"minecraft:feather":2,"minecraft:cobblestone":27,"biomesoplenty:thermal_calcite":1,"minecraft:stick":9,"minecraft:flint":1,"minecraft:dirt":64,"minecraft:wooden_axe":1,"minecraft:rabbit":3,"minecraft:iron_axe":1,"minecraft:gravel":22,"biomesoplenty:toadstool":3,"minecraft:furnace":2,"minecraft:kelp":1,"minecraft:iron_nugget":1,"minecraft:pointed_dripstone":1,"minecraft:rotten_flesh":1,"minecraft:oak_planks":4,"minecraft:white_bed":1,"minecraft:pumpkin_seeds":2,"minecraft:filled_map":1,"minecraft:rabbit_hide":2,"minecraft:allium":10,"minecraft:beetroot_seeds":3,"minecraft:wooden_pickaxe":2,"minecraft:stone_pickaxe":1,"minecraft:raw_gold":1},"minecraft:killed_by":{"minecraft:player":1},"minecraft:crafted":{"minecraft:oak_planks":84,"minecraft:furnace":1,"minecraft:cooked_mutton":3,"minecraft:iron_boots":1,"minecraft:iron_axe":2,"minecraft:stone_pickaxe":1,"minecraft:wheat":589,"minecraft:cooked_beef":17,"minecraft:crafting_table":3,"minecraft:wooden_pickaxe":1,"minecraft:iron_sword":1,"minecraft:golden_pickaxe":4,"minecraft:golden_shovel":6,"minecraft:hay_block":28,"minecraft:stone_axe":1,"minecraft:bread":117,"minecraft:air":0,"biomesoplenty:fir_planks":8,"minecraft:iron_chestplate":1,"minecraft:shield":1,"minecraft:stick":120,"minecraft:iron_ingot":65,"minecraft:iron_pickaxe":8,"minecraft:wooden_axe":1,"minecraft:iron_shovel":18,"minecraft:iron_leggings":1,"minecraft:gold_ingot":20,"minecraft:torch":116},"minecraft:mined":{"minecraft:tuff":5,"minecraft:white_bed":18,"minecraft:deepslate_diamond_ore":10,"minecraft:brewing_stand":1,"minecraft:granite":243,"minecraft:allium":68,"minecraft:grass_block":2095,"minecraft:spruce_leaves":7,"minecraft:cartography_table":2,"minecraft:hay_block":42,"minecraft:furnace":4,"minecraft:packed_mud":1,"biomesoplenty:toadstool":2,"minecraft:iron_ore":63,"minecraft:cobbled_deepslate":1,"minecraft:andesite":5,"minecraft:fletching_table":2,"minecraft:deepslate_lapis_ore":7,"minecraft:gold_block":2,"minecraft:bell":1,"minecraft:bookshelf":4,"minecraft:deepslate_iron_ore":33,"minecraft:vine":1,"minecraft:dirt_path":2,"minecraft:iron_bars":1,"minecraft:stripped_oak_log":1,"biomesoplenty:barley":1,"minecraft:stone":1725,"minecraft:podzol":1,"minecraft:smithing_table":2,"biomesoplenty:maple_log":3,"minecraft:deepslate_redstone_ore":10,"minecraft:light_gray_carpet":3,"minecraft:powder_snow":10,"biomesoplenty:thermal_calcite":1,"minecraft:crafting_table":11,"minecraft:torch":11,"minecraft:short_grass":341,"minecraft:emerald_ore":3,"minecraft:sponge":3,"minecraft:tall_grass":24,"minecraft:cobblestone":5,"biomesoplenty:tall_white_lavender":1,"minecraft:lapis_ore":5,"minecraft:deepslate_gold_ore":1,"minecraft:grindstone":3,"minecraft:lily_pad":1,"minecraft:birch_log":1,"minecraft:ice":10,"minecraft:white_carpet":3,"minecraft:jukebox":1,"minecraft:oak_log":25,"minecraft:coal_ore":70,"biomesoplenty:fir_leaves":4,"minecraft:gravel":173,"minecraft:dripstone_block":2,"minecraft:dirt":2311,"minecraft:stone_bricks":2,"minecraft:oak_leaves":13,"minecraft:deepslate":18,"minecraft:fern":5}},"DataVersion":3700}