{"stats":{"minecraft:custom":{"minecraft:interact_with_smithing_table":2,"minecraft:mob_kills":107,"minecraft:interact_with_crafting_table":64,"minecraft:open_barrel":24,"minecraft:bell_ring":5,"minecraft:leave_game":9,"minecraft:time_since_death":77285,"minecraft:climb_one_cm":8524,"minecraft:sprint_one_cm":1565655,"minecraft:damage_blocked_by_shield":3005,"minecraft:walk_one_cm":1251505,"minecraft:drop":101,"minecraft:talked_to_villager":25,"minecraft:play_time":560179,"minecraft:sneak_time":38679,"minecraft:deaths":2,"minecraft:walk_under_water_one_cm":32227,"minecraft:boat_one_cm":1116453,"minecraft:interact_with_brewingstand":4,"minecraft:jump":10092,"minecraft:walk_on_water_one_cm":46197,"minecraft:total_world_time":560179,"minecraft:interact_with_furnace":79,"minecraft:traded_with_villager":22,"minecraft:interact_with_cartography_table":4,"minecraft:interact_with_stonecutter":3,"minecraft:interact_with_grindstone":2,"minecraft:sleep_in_bed":31,"minecraft:time_since_rest":18294,"minecraft:damage_taken":5788,"minecraft:damage_absorbed":40,"minecraft:damage_dealt":19149,"minecraft:swim_one_cm":108563,"minecraft:fly_one_cm":2136724,"minecraft:open_chest":166,"minecraft:crouch_one_cm":179841,"minecraft:fall_one_cm":296530},"minecraft:picked_up":{"minecraft:wooden_axe":1,"minecraft:fishing_rod":1,"minecraft:crafting_table":10,"minecraft:iron_chestplate":1,"minecraft:allium":136,"minecraft:wheat":41,"minecraft:splash_potion":2,"minecraft:chicken":1,"minecraft:smithing_table":2,"minecraft:wooden_pickaxe":1,"minecraft:oak_stairs":1,"minecraft:gold_block":2,"minecraft:golden_shovel":1,"minecraft:diamond_horse_armor":1,"minecraft:brewing_stand":1,"minecraft:shield":1,"minecraft:string":4,"minecraft:iron_axe":2,"minecraft:iron_leggings":1,"minecraft:item_frame":2,"minecraft:iron_shovel":1,"minecraft:cartography_table":2,"minecraft:smooth_stone":63,"minecraft:cobbled_deepslate":25,"minecraft:beef":39,"minecraft:iron_pickaxe":2,"minecraft:furnace":6,"minecraft:cherry_trapdoor":1,"minecraft:iron_boots":1,"minecraft:egg":1,"minecraft:stick":3,"minecraft:raw_iron":133,"minecraft:stone":173,"minecraft:jukebox":1,"minecraft:composter":3,"minecraft:torch":22,"biomesoplenty:tall_white_lavender":1,"minecraft:pointed_dripstone":1,"minecraft:carrot":164,"minecraft:redstone":94,"minecraft:arrow":17,"minecraft:rotten_flesh":12,"minecraft:hay_block":43,"minecraft:gold_ingot":2,"minecraft:mutton":5,"minecraft:white_wool":4,"minecraft:cobblestone":1682,"minecraft:sponge":6,"minecraft:stripped_oak_log":6,"biomesoplenty:thermal_calcite":1,"minecraft:feather":2,"minecraft:water_bucket":2,"minecraft:andesite":5,"minecraft:leather":26,"biomesoplenty:fir_log":4,"minecraft:flint":4,"minecraft:tuff":8,"minecraft:oak_log":24,"minecraft:chainmail_chestplate":1,"minecraft:yellow_bed":2,"minecraft:lapis_lazuli":132,"minecraft:dirt":4804,"minecraft:name_tag":1,"minecraft:coast_armor_trim_smithing_template":2,"minecraft:bone":16,"minecraft:stone_bricks":2,"minecraft:kelp":1,"minecraft:wheat_seeds":129,"minecraft:raw_gold":1,"minecraft:bell":1,"minecraft:rabbit_hide":2,"minecraft:iron_ingot":28,"minecraft:grindstone":3,"minecraft:fletching_table":2,"minecraft:rabbit":3,"minecraft:oak_planks":8,"minecraft:iron_sword":1,"minecraft:book":24,"biomesoplenty:toadstool":3,"minecraft:dripstone_block":8,"minecraft:gravel":61,"minecraft:sand":1,"minecraft:white_bed":71,"minecraft:iron_hoe":2,"minecraft:diamond":22,"minecraft:iron_helmet":2,"minecraft:granite":191,"minecraft:golden_apple":1,"minecraft:bread":45,"minecraft:emerald":36,"minecraft:coal":168},"minecraft:killed":{"minecraft:spider":4,"minecraft:skeleton":17,"minecraft:chicken":1,"minecraft:zombie_villager":1,"minecraft:rabbit":5,"minecraft:creeper":1,"minecraft:sheep":5,"minecraft:zombie":60,"minecraft:cow":13},"minecraft:broken":{"minecraft:golden_helmet":1,"minecraft:iron_shovel":18,"minecraft:golden_shovel":6,"minecraft:shield":1,"minecraft:chainmail_chestplate":1,"minecraft:stone_axe":1,"minecraft:iron_pickaxe":8,"minecraft:golden_pickaxe":4,"minecraft:wooden_axe":1},"minecraft:used":{"minecraft:iron_shovel":4845,"minecraft:shield":47,"minecraft:iron_sword":142,"minecraft:bell":1,"minecraft:rotten_flesh":1,"minecraft:iron_chestplate":1,"minecraft:torch":158,"minecraft:brewing_stand":1,"minecraft:dirt":1958,"minecraft:mutton":2,"minecraft:carrot":49,"minecraft:allium":3,"minecraft:golden_shovel":194,"minecraft:tuff":8,"minecraft:glass":2,"minecraft:iron_hoe":38,"minecraft:wooden_axe":45,"minecraft:iron_axe":257,"minecraft:cherry_trapdoor":3,"minecraft:iron_boots":1,"minecraft:hay_block":1,"minecraft:furnace":5,"minecraft:cooked_beef":17,"minecraft:cobbled_deepslate":25,"minecraft:cooked_mutton":3,"minecraft:water_bucket":2,"minecraft:iron_leggings":1,"minecraft:stone_pickaxe":99,"minecraft:cartography_table":2,"minecraft:wooden_pickaxe":16,"minecraft:composter":2,"minecraft:fletching_table":2,"minecraft:golden_apple":2,"minecraft:glow_berries":5,"minecraft:sand":1,"minecraft:white_bed":69,"minecraft:crafting_table":14,"biomesoplenty:tall_white_lavender":1,"minecraft:bread":123,"minecraft:iron_pickaxe":2140,"minecraft:stone_axe":66,"minecraft:fishing_rod":3,"minecraft:cobblestone":70,"minecraft:grindstone":3,"minecraft:smithing_table":2,"minecraft:andesite":5,"minecraft:pumpkin_pie":1,"minecraft:yellow_bed":2,"minecraft:golden_pickaxe":128,"minecraft:jukebox":1,"minecraft:smooth_stone":98},"minecraft:dropped":{"minecraft:bread":36,"minecraft:wheat_seeds":129,"minecraft:lapis_lazuli":4,"minecraft:oak_log":3,"minecraft:dripstone_block":8,"minecraft:feather":2,"minecraft:cobblestone":27,"minecraft:granite":65,"biomesoplenty:thermal_calcite":1,"minecraft:flint":1,"minecraft:stick":13,"minecraft:dirt":231,"minecraft:wooden_axe":1,"minecraft:rabbit":3,"minecraft:oak_stairs":1,"minecraft:pumpkin_pie":48,"minecraft:iron_axe":2,"minecraft:bucket":2,"minecraft:bone":2,"minecraft:gravel":22,"biomesoplenty:toadstool":3,"minecraft:furnace":2,"minecraft:kelp":1,"minecraft:iron_nugget":1,"minecraft:pointed_dripstone":1,"minecraft:rotten_flesh":1,"minecraft:oak_planks":4,"minecraft:iron_hoe":1,"minecraft:stripped_oak_log":5,"minecraft:white_bed":1,"minecraft:pumpkin_seeds":2,"minecraft:carrot":46,"minecraft:filled_map":1,"minecraft:rabbit_hide":2,"minecraft:allium":10,"minecraft:beetroot_seeds":3,"minecraft:arrow":1,"minecraft:stone_pickaxe":1,"minecraft:wooden_pickaxe":2,"minecraft:raw_gold":1},"minecraft:killed_by":{"minecraft:player":1,"minecraft:creeper":1},"minecraft:mined":{"minecraft:tuff":5,"minecraft:white_bed":70,"minecraft:oak_sapling":1,"minecraft:deepslate_diamond_ore":10,"minecraft:brewing_stand":1,"minecraft:cherry_trapdoor":1,"minecraft:granite":243,"minecraft:allium":68,"minecraft:grass_block":2312,"minecraft:spruce_leaves":7,"minecraft:composter":3,"minecraft:cartography_table":2,"minecraft:hay_block":43,"minecraft:smooth_stone":16,"minecraft:packed_mud":1,"minecraft:furnace":4,"minecraft:carrots":24,"biomesoplenty:toadstool":2,"minecraft:iron_ore":63,"minecraft:cobbled_deepslate":1,"minecraft:andesite":5,"minecraft:deepslate_lapis_ore":7,"minecraft:fletching_table":2,"minecraft:gold_block":2,"minecraft:bell":1,"minecraft:bookshelf":4,"minecraft:potatoes":1,"minecraft:dirt_path":6,"minecraft:deepslate_iron_ore":33,"minecraft:vine":1,"minecraft:iron_bars":1,"minecraft:oak_stairs":1,"minecraft:stripped_oak_log":1,"biomesoplenty:barley":1,"minecraft:stone":1842,"minecraft:smithing_table":2,"minecraft:podzol":1,"minecraft:light_gray_carpet":3,"minecraft:deepslate_redstone_ore":10,"biomesoplenty:maple_log":3,"minecraft:powder_snow":10,"biomesoplenty:thermal_calcite":1,"minecraft:crafting_table":11,"minecraft:torch":17,"minecraft:short_grass":491,"minecraft:emerald_ore":3,"minecraft:sponge":3,"minecraft:oak_planks":9,"minecraft:tall_grass":51,"minecraft:cobblestone":13,"biomesoplenty:tall_white_lavender":1,"minecraft:deepslate_gold_ore":1,"minecraft:lapis_ore":5,"minecraft:lily_pad":1,"minecraft:grindstone":3,"minecraft:wall_torch":1,"minecraft:birch_log":1,"minecraft:ice":10,"minecraft:white_carpet":3,"minecraft:jukebox":1,"biomesoplenty:fir_log":4,"minecraft:yellow_bed":3,"minecraft:coal_ore":70,"minecraft:oak_log":25,"biomesoplenty:fir_leaves":4,"minecraft:gravel":194,"minecraft:dirt":2524,"minecraft:dripstone_block":2,"minecraft:stone_bricks":2,"minecraft:oak_leaves":13,"minecraft:deepslate":18,"minecraft:fern":5},"minecraft:crafted":{"minecraft:cherry_planks":4,"minecraft:smooth_stone":83,"minecraft:oak_planks":88,"minecraft:furnace":1,"minecraft:cooked_mutton":3,"minecraft:glass":2,"minecraft:cherry_trapdoor":2,"minecraft:iron_boots":1,"minecraft:iron_axe":2,"minecraft:stone_pickaxe":1,"minecraft:wheat":616,"minecraft:cooked_beef":17,"biomesoplenty:fir_boat":1,"minecraft:crafting_table":4,"minecraft:wooden_pickaxe":1,"minecraft:iron_sword":1,"minecraft:golden_pickaxe":4,"minecraft:golden_shovel":6,"minecraft:hay_block":28,"minecraft:stone_axe":1,"minecraft:bread":177,"minecraft:air":0,"biomesoplenty:fir_planks":24,"minecraft:iron_chestplate":1,"minecraft:shield":1,"minecraft:stick":124,"minecraft:iron_ingot":65,"minecraft:iron_pickaxe":8,"minecraft:wooden_axe":1,"minecraft:iron_leggings":1,"minecraft:iron_shovel":19,"minecraft:gold_ingot":20,"minecraft:pumpkin_pie":48,"minecraft:torch":116}},"DataVersion":3700}