{"stats":{"minecraft:custom":{"minecraft:interact_with_smithing_table":2,"minecraft:mob_kills":105,"minecraft:interact_with_crafting_table":63,"minecraft:open_barrel":24,"minecraft:bell_ring":5,"minecraft:leave_game":8,"minecraft:time_since_death":47695,"minecraft:climb_one_cm":8524,"minecraft:sprint_one_cm":1489486,"minecraft:walk_one_cm":1182181,"minecraft:damage_blocked_by_shield":2780,"minecraft:drop":97,"minecraft:talked_to_villager":25,"minecraft:play_time":530589,"minecraft:sneak_time":36249,"minecraft:deaths":2,"minecraft:walk_under_water_one_cm":32227,"minecraft:boat_one_cm":1116453,"minecraft:interact_with_brewingstand":4,"minecraft:jump":9755,"minecraft:walk_on_water_one_cm":46197,"minecraft:total_world_time":530589,"minecraft:interact_with_furnace":79,"minecraft:traded_with_villager":22,"minecraft:interact_with_cartography_table":4,"minecraft:interact_with_stonecutter":3,"minecraft:interact_with_grindstone":2,"minecraft:sleep_in_bed":30,"minecraft:time_since_rest":13656,"minecraft:damage_taken":5316,"minecraft:damage_absorbed":40,"minecraft:damage_dealt":18691,"minecraft:swim_one_cm":108563,"minecraft:fly_one_cm":2064271,"minecraft:open_chest":161,"minecraft:crouch_one_cm":165956,"minecraft:fall_one_cm":292410},"minecraft:picked_up":{"minecraft:wooden_axe":1,"minecraft:fishing_rod":1,"minecraft:iron_chestplate":1,"minecraft:crafting_table":10,"minecraft:wheat":41,"minecraft:allium":136,"minecraft:splash_potion":2,"minecraft:chicken":1,"minecraft:smithing_table":2,"minecraft:wooden_pickaxe":1,"minecraft:oak_stairs":1,"minecraft:gold_block":2,"minecraft:golden_shovel":1,"minecraft:diamond_horse_armor":1,"minecraft:brewing_stand":1,"minecraft:shield":1,"minecraft:string":4,"minecraft:iron_axe":2,"minecraft:iron_leggings":1,"minecraft:item_frame":2,"minecraft:iron_shovel":1,"minecraft:cartography_table":2,"minecraft:smooth_stone":62,"minecraft:cobbled_deepslate":25,"minecraft:beef":39,"minecraft:iron_pickaxe":2,"minecraft:cherry_trapdoor":1,"minecraft:iron_boots":1,"minecraft:furnace":6,"minecraft:egg":1,"minecraft:stick":3,"minecraft:raw_iron":133,"minecraft:stone":173,"minecraft:jukebox":1,"minecraft:composter":3,"minecraft:torch":22,"biomesoplenty:tall_white_lavender":1,"minecraft:pointed_dripstone":1,"minecraft:carrot":164,"minecraft:redstone":94,"minecraft:rotten_flesh":12,"minecraft:arrow":17,"minecraft:hay_block":43,"minecraft:gold_ingot":2,"minecraft:mutton":5,"minecraft:stripped_oak_log":6,"minecraft:white_wool":4,"minecraft:cobblestone":1583,"minecraft:sponge":6,"minecraft:feather":2,"biomesoplenty:thermal_calcite":1,"minecraft:water_bucket":2,"minecraft:andesite":5,"minecraft:leather":26,"biomesoplenty:fir_log":4,"minecraft:flint":4,"minecraft:tuff":8,"minecraft:oak_log":24,"minecraft:chainmail_chestplate":1,"minecraft:yellow_bed":2,"minecraft:lapis_lazuli":132,"minecraft:dirt":4544,"minecraft:name_tag":1,"minecraft:coast_armor_trim_smithing_template":2,"minecraft:bone":16,"minecraft:stone_bricks":2,"minecraft:kelp":1,"minecraft:wheat_seeds":85,"minecraft:iron_ingot":28,"minecraft:raw_gold":1,"minecraft:bell":1,"minecraft:rabbit_hide":2,"minecraft:grindstone":3,"minecraft:fletching_table":2,"minecraft:rabbit":3,"minecraft:iron_sword":1,"minecraft:book":24,"biomesoplenty:toadstool":3,"minecraft:dripstone_block":8,"minecraft:gravel":60,"minecraft:sand":1,"minecraft:white_bed":71,"minecraft:iron_hoe":2,"minecraft:diamond":22,"minecraft:iron_helmet":2,"minecraft:granite":191,"minecraft:golden_apple":1,"minecraft:bread":45,"minecraft:emerald":36,"minecraft:coal":168},"minecraft:killed":{"minecraft:spider":4,"minecraft:skeleton":17,"minecraft:chicken":1,"minecraft:zombie_villager":1,"minecraft:rabbit":5,"minecraft:creeper":1,"minecraft:sheep":5,"minecraft:zombie":58,"minecraft:cow":13},"minecraft:broken":{"minecraft:golden_helmet":1,"minecraft:iron_shovel":17,"minecraft:golden_shovel":6,"minecraft:chainmail_chestplate":1,"minecraft:stone_axe":1,"minecraft:iron_pickaxe":8,"minecraft:golden_pickaxe":4,"minecraft:wooden_axe":1},"minecraft:used":{"minecraft:iron_shovel":4577,"minecraft:shield":41,"minecraft:iron_sword":133,"minecraft:bell":1,"minecraft:rotten_flesh":1,"minecraft:iron_chestplate":1,"minecraft:torch":158,"minecraft:brewing_stand":1,"minecraft:dirt":1621,"minecraft:mutton":2,"minecraft:carrot":49,"minecraft:allium":3,"minecraft:golden_shovel":194,"minecraft:tuff":8,"minecraft:glass":2,"minecraft:iron_hoe":38,"minecraft:wooden_axe":45,"minecraft:iron_axe":243,"minecraft:cherry_trapdoor":3,"minecraft:iron_boots":1,"minecraft:hay_block":1,"minecraft:furnace":5,"minecraft:cooked_beef":17,"minecraft:cobbled_deepslate":25,"minecraft:water_bucket":2,"minecraft:cooked_mutton":3,"minecraft:iron_leggings":1,"minecraft:stone_pickaxe":99,"minecraft:cartography_table":2,"minecraft:wooden_pickaxe":16,"minecraft:composter":2,"minecraft:fletching_table":2,"minecraft:golden_apple":2,"minecraft:glow_berries":5,"minecraft:sand":1,"minecraft:crafting_table":14,"minecraft:white_bed":69,"biomesoplenty:tall_white_lavender":1,"minecraft:bread":114,"minecraft:iron_pickaxe":2038,"minecraft:stone_axe":66,"minecraft:fishing_rod":3,"minecraft:cobblestone":45,"minecraft:grindstone":3,"minecraft:smithing_table":2,"minecraft:andesite":5,"minecraft:yellow_bed":2,"minecraft:pumpkin_pie":1,"minecraft:smooth_stone":97,"minecraft:golden_pickaxe":128,"minecraft:jukebox":1},"minecraft:dropped":{"minecraft:bread":36,"minecraft:wheat_seeds":85,"minecraft:lapis_lazuli":4,"minecraft:oak_log":3,"minecraft:dripstone_block":8,"minecraft:feather":2,"minecraft:cobblestone":27,"minecraft:granite":65,"biomesoplenty:thermal_calcite":1,"minecraft:stick":13,"minecraft:flint":1,"minecraft:dirt":231,"minecraft:wooden_axe":1,"minecraft:rabbit":3,"minecraft:pumpkin_pie":48,"minecraft:oak_stairs":1,"minecraft:iron_axe":2,"minecraft:bucket":2,"minecraft:bone":2,"minecraft:gravel":22,"biomesoplenty:toadstool":3,"minecraft:furnace":2,"minecraft:kelp":1,"minecraft:iron_nugget":1,"minecraft:pointed_dripstone":1,"minecraft:rotten_flesh":1,"minecraft:iron_hoe":1,"minecraft:oak_planks":4,"minecraft:stripped_oak_log":5,"minecraft:carrot":46,"minecraft:white_bed":1,"minecraft:pumpkin_seeds":2,"minecraft:filled_map":1,"minecraft:rabbit_hide":2,"minecraft:allium":10,"minecraft:beetroot_seeds":3,"minecraft:arrow":1,"minecraft:wooden_pickaxe":2,"minecraft:stone_pickaxe":1,"minecraft:raw_gold":1},"minecraft:killed_by":{"minecraft:player":1,"minecraft:creeper":1},"minecraft:mined":{"minecraft:tuff":5,"minecraft:white_bed":70,"minecraft:oak_sapling":1,"minecraft:deepslate_diamond_ore":10,"minecraft:brewing_stand":1,"minecraft:cherry_trapdoor":1,"minecraft:granite":243,"minecraft:allium":68,"minecraft:grass_block":2125,"minecraft:spruce_leaves":7,"minecraft:composter":3,"minecraft:cartography_table":2,"minecraft:smooth_stone":15,"minecraft:hay_block":43,"minecraft:furnace":4,"minecraft:packed_mud":1,"minecraft:carrots":24,"biomesoplenty:toadstool":2,"minecraft:iron_ore":63,"minecraft:cobbled_deepslate":1,"minecraft:andesite":5,"minecraft:fletching_table":2,"minecraft:deepslate_lapis_ore":7,"minecraft:gold_block":2,"minecraft:bell":1,"minecraft:bookshelf":4,"minecraft:potatoes":1,"minecraft:deepslate_iron_ore":33,"minecraft:vine":1,"minecraft:dirt_path":6,"minecraft:oak_stairs":1,"minecraft:iron_bars":1,"minecraft:stripped_oak_log":1,"biomesoplenty:barley":1,"minecraft:stone":1751,"minecraft:podzol":1,"minecraft:smithing_table":2,"biomesoplenty:maple_log":3,"minecraft:deepslate_redstone_ore":10,"minecraft:light_gray_carpet":3,"minecraft:powder_snow":10,"biomesoplenty:thermal_calcite":1,"minecraft:crafting_table":11,"minecraft:torch":17,"minecraft:short_grass":352,"minecraft:emerald_ore":3,"minecraft:sponge":3,"minecraft:tall_grass":26,"minecraft:cobblestone":5,"biomesoplenty:tall_white_lavender":1,"minecraft:lapis_ore":5,"minecraft:deepslate_gold_ore":1,"minecraft:grindstone":3,"minecraft:lily_pad":1,"minecraft:wall_torch":1,"minecraft:birch_log":1,"minecraft:ice":10,"minecraft:white_carpet":3,"minecraft:jukebox":1,"biomesoplenty:fir_log":4,"minecraft:yellow_bed":3,"minecraft:oak_log":25,"minecraft:coal_ore":70,"biomesoplenty:fir_leaves":4,"minecraft:gravel":173,"minecraft:dripstone_block":2,"minecraft:dirt":2450,"minecraft:stone_bricks":2,"minecraft:oak_leaves":13,"minecraft:deepslate":18,"minecraft:fern":5},"minecraft:crafted":{"minecraft:cherry_planks":4,"minecraft:smooth_stone":83,"minecraft:oak_planks":88,"minecraft:furnace":1,"minecraft:cooked_mutton":3,"minecraft:cherry_trapdoor":2,"minecraft:glass":2,"minecraft:iron_boots":1,"minecraft:iron_axe":2,"minecraft:stone_pickaxe":1,"minecraft:wheat":616,"minecraft:cooked_beef":17,"biomesoplenty:fir_boat":1,"minecraft:crafting_table":4,"minecraft:wooden_pickaxe":1,"minecraft:iron_sword":1,"minecraft:golden_pickaxe":4,"minecraft:golden_shovel":6,"minecraft:hay_block":28,"minecraft:stone_axe":1,"minecraft:bread":177,"minecraft:air":0,"biomesoplenty:fir_planks":24,"minecraft:iron_chestplate":1,"minecraft:shield":1,"minecraft:stick":124,"minecraft:iron_ingot":65,"minecraft:iron_pickaxe":8,"minecraft:wooden_axe":1,"minecraft:iron_shovel":18,"minecraft:iron_leggings":1,"minecraft:gold_ingot":20,"minecraft:pumpkin_pie":48,"minecraft:torch":116}},"DataVersion":3700}