{"stats":{"minecraft:killed_by":{"minecraft:player":1},"minecraft:killed":{"minecraft:spider":3,"minecraft:skeleton":16,"minecraft:chicken":1,"minecraft:zombie_villager":1,"minecraft:rabbit":5,"minecraft:creeper":1,"minecraft:sheep":5,"minecraft:zombie":54,"minecraft:cow":13},"minecraft:dropped":{"minecraft:wheat_seeds":34,"minecraft:lapis_lazuli":4,"minecraft:dripstone_block":8,"minecraft:feather":2,"minecraft:cobblestone":27,"biomesoplenty:thermal_calcite":1,"minecraft:flint":1,"minecraft:stick":9,"minecraft:wooden_axe":1,"minecraft:rabbit":3,"minecraft:iron_axe":1,"minecraft:gravel":22,"biomesoplenty:toadstool":3,"minecraft:furnace":2,"minecraft:kelp":1,"minecraft:iron_nugget":1,"minecraft:pointed_dripstone":1,"minecraft:rotten_flesh":1,"minecraft:oak_planks":4,"minecraft:white_bed":1,"minecraft:pumpkin_seeds":2,"minecraft:filled_map":1,"minecraft:rabbit_hide":2,"minecraft:allium":10,"minecraft:beetroot_seeds":3,"minecraft:wooden_pickaxe":2,"minecraft:stone_pickaxe":1,"minecraft:raw_gold":1},"minecraft:used":{"minecraft:iron_shovel":3428,"minecraft:shield":41,"minecraft:iron_sword":113,"minecraft:bell":1,"minecraft:rotten_flesh":1,"minecraft:iron_chestplate":1,"minecraft:torch":148,"minecraft:brewing_stand":1,"minecraft:dirt":1409,"minecraft:mutton":2,"minecraft:allium":3,"minecraft:tuff":8,"minecraft:wooden_axe":45,"minecraft:iron_axe":185,"minecraft:iron_boots":1,"minecraft:furnace":5,"minecraft:cooked_beef":17,"minecraft:cobbled_deepslate":25,"minecraft:iron_leggings":1,"minecraft:cooked_mutton":3,"minecraft:stone_pickaxe":99,"minecraft:cartography_table":2,"minecraft:wooden_pickaxe":16,"minecraft:fletching_table":2,"minecraft:golden_apple":2,"minecraft:glow_berries":5,"minecraft:sand":1,"minecraft:crafting_table":13,"minecraft:white_bed":17,"biomesoplenty:tall_white_lavender":1,"minecraft:bread":83,"minecraft:iron_pickaxe":1019,"minecraft:stone_axe":66,"minecraft:fishing_rod":3,"minecraft:cobblestone":40,"minecraft:grindstone":3,"minecraft:smithing_table":2,"minecraft:andesite":5,"minecraft:pumpkin_pie":1,"minecraft:jukebox":1},"minecraft:custom":{"minecraft:mob_kills":99,"minecraft:interact_with_crafting_table":50,"minecraft:open_barrel":24,"minecraft:bell_ring":5,"minecraft:leave_game":6,"minecraft:time_since_death":391208,"minecraft:climb_one_cm":8524,"minecraft:sprint_one_cm":1162029,"minecraft:walk_one_cm":825672,"minecraft:damage_blocked_by_shield":2780,"minecraft:drop":69,"minecraft:talked_to_villager":6,"minecraft:play_time":393597,"minecraft:sneak_time":22545,"minecraft:deaths":1,"minecraft:walk_under_water_one_cm":31929,"minecraft:boat_one_cm":1116453,"minecraft:interact_with_brewingstand":4,"minecraft:jump":7517,"minecraft:walk_on_water_one_cm":39224,"minecraft:total_world_time":393597,"minecraft:interact_with_furnace":35,"minecraft:interact_with_cartography_table":2,"minecraft:interact_with_grindstone":2,"minecraft:sleep_in_bed":24,"minecraft:time_since_rest":1622,"minecraft:damage_taken":4277,"minecraft:damage_absorbed":40,"minecraft:damage_dealt":16903,"minecraft:swim_one_cm":107737,"minecraft:fly_one_cm":1608616,"minecraft:open_chest":99,"minecraft:crouch_one_cm":98096,"minecraft:fall_one_cm":230583},"minecraft:mined":{"minecraft:tuff":5,"minecraft:white_bed":17,"minecraft:deepslate_diamond_ore":10,"minecraft:brewing_stand":1,"minecraft:granite":31,"minecraft:allium":68,"minecraft:grass_block":1620,"minecraft:spruce_leaves":7,"minecraft:cartography_table":2,"minecraft:hay_block":42,"minecraft:furnace":4,"minecraft:packed_mud":1,"biomesoplenty:toadstool":2,"minecraft:iron_ore":54,"minecraft:cobbled_deepslate":1,"minecraft:andesite":5,"minecraft:fletching_table":2,"minecraft:deepslate_lapis_ore":7,"minecraft:gold_block":2,"minecraft:bell":1,"minecraft:bookshelf":4,"minecraft:deepslate_iron_ore":33,"minecraft:vine":1,"minecraft:dirt_path":2,"minecraft:iron_bars":1,"minecraft:stripped_oak_log":1,"biomesoplenty:barley":1,"minecraft:stone":852,"minecraft:podzol":1,"minecraft:smithing_table":2,"minecraft:deepslate_redstone_ore":10,"biomesoplenty:maple_log":3,"minecraft:light_gray_carpet":3,"minecraft:powder_snow":10,"biomesoplenty:thermal_calcite":1,"minecraft:crafting_table":11,"minecraft:torch":10,"minecraft:short_grass":291,"minecraft:emerald_ore":3,"minecraft:sponge":3,"minecraft:tall_grass":21,"minecraft:cobblestone":4,"biomesoplenty:tall_white_lavender":1,"minecraft:grindstone":3,"minecraft:lapis_ore":5,"minecraft:deepslate_gold_ore":1,"minecraft:lily_pad":1,"minecraft:birch_log":1,"minecraft:ice":10,"minecraft:white_carpet":3,"minecraft:jukebox":1,"minecraft:oak_log":25,"minecraft:coal_ore":61,"biomesoplenty:fir_leaves":4,"minecraft:gravel":105,"minecraft:dripstone_block":2,"minecraft:dirt":1700,"minecraft:stone_bricks":2,"minecraft:oak_leaves":13,"minecraft:deepslate":18,"minecraft:fern":5},"minecraft:broken":{"minecraft:golden_helmet":1,"minecraft:iron_shovel":13,"minecraft:chainmail_chestplate":1,"minecraft:stone_axe":1,"minecraft:iron_pickaxe":4,"minecraft:wooden_axe":1},"minecraft:picked_up":{"minecraft:wooden_axe":1,"minecraft:crafting_table":10,"minecraft:allium":96,"minecraft:wheat":14,"minecraft:chicken":1,"minecraft:smithing_table":2,"minecraft:wooden_pickaxe":1,"minecraft:gold_block":2,"minecraft:brewing_stand":1,"minecraft:string":3,"minecraft:iron_axe":1,"minecraft:item_frame":1,"minecraft:cartography_table":2,"minecraft:cobbled_deepslate":25,"minecraft:beef":28,"minecraft:furnace":6,"minecraft:egg":1,"minecraft:stick":3,"minecraft:raw_iron":92,"minecraft:jukebox":1,"minecraft:torch":12,"biomesoplenty:tall_white_lavender":1,"minecraft:pointed_dripstone":1,"minecraft:redstone":47,"minecraft:rotten_flesh":12,"minecraft:arrow":16,"minecraft:hay_block":42,"minecraft:mutton":5,"minecraft:cobblestone":754,"minecraft:white_wool":4,"minecraft:sponge":3,"minecraft:feather":2,"biomesoplenty:thermal_calcite":1,"minecraft:andesite":5,"minecraft:leather":13,"minecraft:flint":4,"minecraft:tuff":8,"minecraft:oak_log":24,"minecraft:chainmail_chestplate":1,"minecraft:lapis_lazuli":68,"minecraft:dirt":3146,"minecraft:bone":14,"minecraft:stone_bricks":2,"minecraft:kelp":1,"minecraft:wheat_seeds":34,"minecraft:raw_gold":1,"minecraft:bell":1,"minecraft:rabbit_hide":2,"minecraft:grindstone":3,"minecraft:fletching_table":2,"minecraft:rabbit":3,"biomesoplenty:toadstool":3,"minecraft:book":12,"minecraft:gravel":60,"minecraft:dripstone_block":8,"minecraft:sand":1,"minecraft:white_bed":19,"minecraft:diamond":11,"minecraft:iron_helmet":1,"minecraft:emerald":3,"minecraft:coal":103},"minecraft:crafted":{"minecraft:oak_planks":76,"minecraft:furnace":1,"minecraft:cooked_mutton":3,"minecraft:iron_boots":1,"minecraft:iron_axe":2,"minecraft:stone_pickaxe":1,"minecraft:wheat":427,"minecraft:cooked_beef":17,"minecraft:crafting_table":3,"minecraft:wooden_pickaxe":1,"minecraft:iron_sword":1,"minecraft:hay_block":28,"minecraft:stone_axe":1,"minecraft:bread":63,"minecraft:air":0,"minecraft:iron_chestplate":1,"minecraft:shield":1,"minecraft:stick":92,"minecraft:iron_ingot":34,"minecraft:iron_pickaxe":6,"minecraft:wooden_axe":1,"minecraft:iron_shovel":14,"minecraft:gold_ingot":20,"minecraft:iron_leggings":1,"minecraft:torch":116}},"DataVersion":3700}