{"stats":{"minecraft:custom":{"minecraft:interact_with_smithing_table":2,"minecraft:mob_kills":111,"minecraft:interact_with_crafting_table":71,"minecraft:open_barrel":24,"minecraft:bell_ring":5,"minecraft:leave_game":9,"minecraft:time_since_death":37310,"minecraft:climb_one_cm":8524,"minecraft:sprint_one_cm":1724813,"minecraft:damage_blocked_by_shield":3005,"minecraft:walk_one_cm":1458459,"minecraft:drop":119,"minecraft:talked_to_villager":96,"minecraft:play_time":656179,"minecraft:sneak_time":40224,"minecraft:deaths":3,"minecraft:walk_under_water_one_cm":32227,"minecraft:boat_one_cm":1309436,"minecraft:interact_with_brewingstand":4,"minecraft:jump":11201,"minecraft:walk_on_water_one_cm":46197,"minecraft:total_world_time":656179,"minecraft:interact_with_furnace":79,"minecraft:traded_with_villager":26,"minecraft:interact_with_cartography_table":4,"minecraft:interact_with_stonecutter":3,"minecraft:interact_with_grindstone":2,"minecraft:sleep_in_bed":36,"minecraft:time_since_rest":11328,"minecraft:damage_taken":6208,"minecraft:damage_absorbed":40,"minecraft:damage_dealt":19762,"minecraft:swim_one_cm":108563,"minecraft:fly_one_cm":2362284,"minecraft:open_chest":178,"minecraft:crouch_one_cm":187281,"minecraft:fall_one_cm":319178,"minecraft:horse_one_cm":995},"minecraft:picked_up":{"minecraft:wooden_axe":1,"minecraft:fishing_rod":2,"minecraft:crafting_table":11,"minecraft:iron_chestplate":2,"minecraft:allium":136,"minecraft:wheat":68,"minecraft:splash_potion":4,"minecraft:chicken":1,"minecraft:smithing_table":2,"minecraft:wooden_pickaxe":1,"minecraft:oak_stairs":1,"minecraft:gold_block":2,"minecraft:golden_shovel":2,"minecraft:diamond_horse_armor":2,"minecraft:brewing_stand":1,"minecraft:shield":1,"biomesoplenty:fir_trapdoor":8,"minecraft:string":4,"minecraft:iron_axe":3,"minecraft:iron_leggings":2,"minecraft:item_frame":3,"minecraft:iron_shovel":2,"minecraft:cartography_table":2,"minecraft:smooth_stone":91,"minecraft:cobbled_deepslate":25,"biomesoplenty:fir_planks":2,"minecraft:beef":50,"minecraft:iron_pickaxe":4,"minecraft:furnace":6,"minecraft:cherry_trapdoor":1,"minecraft:iron_boots":2,"minecraft:egg":1,"minecraft:stick":5,"minecraft:raw_iron":166,"minecraft:stone":173,"minecraft:jukebox":1,"minecraft:composter":4,"minecraft:torch":26,"biomesoplenty:tall_white_lavender":1,"minecraft:pointed_dripstone":1,"minecraft:carrot":168,"minecraft:redstone":94,"minecraft:arrow":17,"minecraft:rotten_flesh":12,"minecraft:hay_block":43,"minecraft:gold_ingot":4,"minecraft:bone_block":1,"minecraft:rail":1,"minecraft:mutton":5,"minecraft:white_wool":4,"minecraft:cobblestone":1792,"minecraft:sponge":6,"minecraft:stripped_oak_log":6,"biomesoplenty:thermal_calcite":1,"minecraft:feather":2,"minecraft:water_bucket":2,"minecraft:andesite":5,"minecraft:leather":39,"biomesoplenty:fir_log":114,"minecraft:flint":13,"minecraft:tuff":8,"minecraft:oak_log":24,"minecraft:chainmail_chestplate":1,"minecraft:yellow_bed":2,"minecraft:lapis_lazuli":132,"minecraft:dirt":5066,"minecraft:name_tag":2,"minecraft:coast_armor_trim_smithing_template":4,"minecraft:bone":16,"minecraft:stone_bricks":2,"biomesoplenty:fir_boat":10,"minecraft:kelp":1,"minecraft:wheat_seeds":132,"minecraft:raw_gold":1,"minecraft:bell":1,"minecraft:rabbit_hide":2,"minecraft:iron_ingot":54,"minecraft:grindstone":3,"minecraft:fletching_table":11,"minecraft:rabbit":3,"minecraft:oak_planks":14,"minecraft:iron_sword":2,"minecraft:book":36,"biomesoplenty:toadstool":3,"minecraft:dripstone_block":8,"minecraft:gravel":158,"minecraft:sand":1,"minecraft:white_bed":71,"minecraft:iron_hoe":2,"minecraft:diamond":33,"minecraft:iron_helmet":3,"minecraft:granite":191,"minecraft:golden_apple":2,"minecraft:bread":79,"minecraft:emerald":49,"minecraft:oak_sapling":11,"minecraft:coal":168},"minecraft:killed":{"minecraft:spider":4,"minecraft:skeleton":19,"minecraft:chicken":1,"minecraft:zombie_villager":2,"minecraft:rabbit":5,"minecraft:creeper":1,"minecraft:sheep":5,"minecraft:zombie":61,"minecraft:cow":13},"minecraft:broken":{"minecraft:golden_helmet":1,"minecraft:iron_shovel":20,"minecraft:golden_shovel":6,"minecraft:shield":1,"minecraft:chainmail_chestplate":1,"minecraft:stone_axe":1,"minecraft:iron_pickaxe":9,"minecraft:golden_pickaxe":4,"minecraft:wooden_axe":1},"minecraft:used":{"minecraft:iron_shovel":5117,"minecraft:shield":47,"minecraft:iron_sword":144,"minecraft:bell":1,"minecraft:rotten_flesh":1,"minecraft:iron_chestplate":1,"minecraft:torch":162,"minecraft:brewing_stand":1,"minecraft:dirt":2206,"minecraft:mutton":2,"minecraft:carrot":52,"minecraft:allium":3,"minecraft:golden_shovel":194,"minecraft:tuff":8,"minecraft:glass":2,"minecraft:iron_hoe":40,"minecraft:wooden_axe":45,"minecraft:iron_axe":287,"minecraft:cherry_trapdoor":3,"minecraft:iron_boots":1,"minecraft:hay_block":1,"minecraft:furnace":5,"biomesoplenty:fir_trapdoor":5,"minecraft:cooked_beef":17,"minecraft:cobbled_deepslate":25,"minecraft:cooked_mutton":3,"minecraft:water_bucket":2,"minecraft:iron_leggings":1,"minecraft:stone_pickaxe":99,"minecraft:oak_planks":12,"minecraft:cartography_table":2,"biomesoplenty:fir_planks":42,"minecraft:wooden_pickaxe":16,"biomesoplenty:fir_boat":9,"minecraft:composter":3,"minecraft:fletching_table":14,"minecraft:golden_apple":2,"minecraft:glow_berries":5,"minecraft:sand":1,"minecraft:white_bed":70,"minecraft:crafting_table":16,"biomesoplenty:tall_white_lavender":1,"minecraft:bread":143,"minecraft:iron_pickaxe":2244,"minecraft:gravel":69,"minecraft:stone_axe":66,"minecraft:fishing_rod":3,"minecraft:cobblestone":132,"minecraft:grindstone":3,"minecraft:smithing_table":2,"minecraft:andesite":5,"minecraft:pumpkin_pie":1,"minecraft:yellow_bed":2,"minecraft:golden_pickaxe":128,"minecraft:jukebox":1,"minecraft:smooth_stone":125},"minecraft:dropped":{"minecraft:bread":36,"minecraft:wheat_seeds":132,"minecraft:lapis_lazuli":68,"minecraft:oak_log":3,"minecraft:dripstone_block":8,"minecraft:feather":2,"minecraft:cobblestone":39,"minecraft:granite":65,"biomesoplenty:thermal_calcite":1,"minecraft:coal":56,"minecraft:flint":2,"minecraft:stick":13,"minecraft:dirt":233,"minecraft:sponge":3,"biomesoplenty:fir_trapdoor":1,"minecraft:wooden_axe":1,"minecraft:rabbit":3,"minecraft:oak_stairs":1,"minecraft:pumpkin_pie":48,"minecraft:iron_axe":2,"minecraft:smooth_stone":1,"minecraft:string":1,"minecraft:bucket":2,"minecraft:redstone":47,"minecraft:bone":2,"minecraft:gravel":29,"biomesoplenty:toadstool":3,"minecraft:furnace":2,"minecraft:kelp":1,"minecraft:iron_nugget":1,"minecraft:pointed_dripstone":1,"minecraft:rotten_flesh":1,"minecraft:oak_planks":4,"minecraft:iron_hoe":1,"minecraft:stripped_oak_log":5,"minecraft:white_bed":1,"minecraft:pumpkin_seeds":2,"minecraft:carrot":47,"minecraft:filled_map":1,"minecraft:rabbit_hide":2,"minecraft:allium":10,"minecraft:beetroot_seeds":3,"minecraft:oak_sapling":11,"minecraft:arrow":1,"minecraft:stone_pickaxe":1,"minecraft:wooden_pickaxe":2,"minecraft:raw_gold":1},"minecraft:killed_by":{"minecraft:player":1,"minecraft:creeper":1},"minecraft:mined":{"minecraft:tuff":5,"minecraft:white_bed":70,"minecraft:oak_sapling":1,"minecraft:deepslate_diamond_ore":10,"minecraft:brewing_stand":1,"minecraft:cherry_trapdoor":1,"minecraft:granite":243,"minecraft:allium":68,"minecraft:grass_block":2484,"minecraft:spruce_leaves":7,"minecraft:composter":4,"minecraft:cartography_table":2,"minecraft:hay_block":43,"minecraft:smooth_stone":42,"minecraft:packed_mud":1,"minecraft:furnace":4,"minecraft:carrots":25,"biomesoplenty:toadstool":2,"minecraft:iron_ore":63,"minecraft:fire":1,"minecraft:cobbled_deepslate":1,"minecraft:andesite":5,"minecraft:deepslate_lapis_ore":7,"minecraft:fletching_table":11,"minecraft:gold_block":2,"minecraft:bell":1,"minecraft:bookshelf":4,"minecraft:potatoes":1,"minecraft:dirt_path":6,"minecraft:deepslate_iron_ore":33,"minecraft:vine":1,"minecraft:iron_bars":1,"minecraft:oak_stairs":1,"minecraft:stripped_oak_log":1,"biomesoplenty:barley":1,"minecraft:stone":1853,"minecraft:smithing_table":2,"minecraft:podzol":1,"minecraft:light_gray_carpet":3,"minecraft:deepslate_redstone_ore":10,"biomesoplenty:maple_log":3,"minecraft:powder_snow":10,"biomesoplenty:thermal_calcite":1,"minecraft:crafting_table":12,"minecraft:torch":21,"biomesoplenty:fir_planks":1,"minecraft:short_grass":493,"minecraft:emerald_ore":3,"minecraft:sponge":3,"minecraft:oak_planks":15,"minecraft:tall_grass":51,"minecraft:cobblestone":80,"biomesoplenty:tall_white_lavender":1,"minecraft:deepslate_gold_ore":1,"minecraft:lapis_ore":5,"minecraft:lily_pad":1,"minecraft:grindstone":3,"minecraft:wall_torch":1,"minecraft:birch_log":1,"minecraft:ice":10,"minecraft:white_carpet":3,"minecraft:jukebox":1,"biomesoplenty:fir_log":4,"minecraft:yellow_bed":3,"minecraft:coal_ore":70,"minecraft:oak_log":25,"biomesoplenty:fir_leaves":4,"biomesoplenty:fir_trapdoor":5,"minecraft:gravel":284,"minecraft:dirt":2608,"minecraft:dripstone_block":2,"minecraft:stone_bricks":2,"minecraft:oak_leaves":13,"minecraft:deepslate":18,"minecraft:fern":5},"minecraft:crafted":{"minecraft:cherry_planks":4,"minecraft:smooth_stone":83,"minecraft:oak_planks":88,"minecraft:furnace":1,"minecraft:cooked_mutton":3,"minecraft:glass":2,"minecraft:cherry_trapdoor":2,"minecraft:iron_boots":1,"minecraft:iron_axe":2,"minecraft:stone_pickaxe":1,"minecraft:wheat":616,"minecraft:cooked_beef":17,"biomesoplenty:fir_boat":1,"minecraft:emerald":4,"minecraft:crafting_table":5,"minecraft:wooden_pickaxe":1,"minecraft:iron_sword":1,"minecraft:golden_pickaxe":4,"minecraft:fletching_table":3,"minecraft:golden_shovel":6,"minecraft:hay_block":28,"minecraft:stone_axe":1,"minecraft:bread":177,"minecraft:air":0,"biomesoplenty:fir_planks":144,"minecraft:iron_chestplate":1,"minecraft:shield":1,"minecraft:stick":256,"minecraft:iron_ingot":65,"minecraft:iron_pickaxe":8,"minecraft:wooden_axe":1,"minecraft:iron_leggings":1,"minecraft:iron_shovel":20,"minecraft:gold_ingot":20,"minecraft:pumpkin_pie":48,"minecraft:torch":116,"biomesoplenty:fir_trapdoor":2}},"DataVersion":3700}