{"stats":{"minecraft:custom":{"minecraft:interact_with_furnace":18,"minecraft:mob_kills":32,"minecraft:interact_with_crafting_table":11,"minecraft:leave_game":2,"minecraft:time_since_death":51208,"minecraft:time_since_rest":51232,"minecraft:sprint_one_cm":178620,"minecraft:damage_taken":1431,"minecraft:walk_one_cm":113340,"minecraft:damage_blocked_by_shield":675,"minecraft:drop":3,"minecraft:damage_dealt":4768,"minecraft:swim_one_cm":4529,"minecraft:fly_one_cm":216696,"minecraft:open_chest":1,"minecraft:crouch_one_cm":17426,"minecraft:play_time":53597,"minecraft:deaths":1,"minecraft:sneak_time":5519,"minecraft:walk_under_water_one_cm":6261,"minecraft:jump":1372,"minecraft:walk_on_water_one_cm":3671,"minecraft:total_world_time":53597,"minecraft:fall_one_cm":53989},"minecraft:picked_up":{"minecraft:wooden_axe":1,"minecraft:crafting_table":7,"minecraft:feather":2,"minecraft:chicken":1,"minecraft:andesite":5,"minecraft:leather":6,"minecraft:wooden_pickaxe":1,"minecraft:gold_block":1,"minecraft:oak_log":23,"minecraft:chainmail_chestplate":1,"minecraft:lapis_lazuli":68,"minecraft:dirt":5,"minecraft:string":3,"minecraft:bone":8,"minecraft:cobbled_deepslate":5,"minecraft:raw_gold":1,"minecraft:beef":17,"minecraft:egg":1,"minecraft:furnace":2,"biomesoplenty:toadstool":2,"minecraft:stick":1,"minecraft:raw_iron":82,"minecraft:dripstone_block":3,"minecraft:pointed_dripstone":1,"minecraft:redstone":42,"minecraft:arrow":11,"minecraft:rotten_flesh":10,"minecraft:diamond":3,"minecraft:emerald":3,"minecraft:mutton":5,"minecraft:coal":56,"minecraft:white_wool":3,"minecraft:cobblestone":55},"minecraft:killed":{"minecraft:spider":1,"minecraft:sheep":3,"minecraft:skeleton":8,"minecraft:zombie":11,"minecraft:chicken":1,"minecraft:cow":8},"minecraft:broken":{"minecraft:wooden_axe":1},"minecraft:used":{"minecraft:cooked_mutton":3,"minecraft:stone_pickaxe":99,"minecraft:wooden_pickaxe":16,"minecraft:shield":11,"minecraft:torch":68,"minecraft:dirt":5,"minecraft:mutton":2,"minecraft:crafting_table":8,"minecraft:wooden_axe":45,"minecraft:iron_pickaxe":119,"minecraft:stone_axe":39,"minecraft:cobblestone":38,"minecraft:furnace":2,"minecraft:andesite":5,"minecraft:cooked_beef":12,"minecraft:iron_leggings":1},"minecraft:dropped":{"minecraft:wooden_axe":1,"minecraft:wooden_pickaxe":2},"minecraft:killed_by":{"minecraft:player":1},"minecraft:mined":{"minecraft:deepslate_redstone_ore":9,"minecraft:deepslate_diamond_ore":3,"minecraft:crafting_table":7,"minecraft:short_grass":1,"minecraft:emerald_ore":3,"minecraft:grass_block":2,"minecraft:cobblestone":1,"minecraft:deepslate_gold_ore":1,"minecraft:lapis_ore":5,"minecraft:furnace":2,"biomesoplenty:toadstool":2,"minecraft:iron_ore":51,"minecraft:andesite":5,"minecraft:deepslate_lapis_ore":7,"minecraft:gold_block":1,"minecraft:oak_log":23,"minecraft:coal_ore":56,"minecraft:deepslate_iron_ore":31,"minecraft:dripstone_block":1,"minecraft:dirt":3,"minecraft:stone":53,"minecraft:oak_leaves":5,"minecraft:deepslate":5},"minecraft:crafted":{"minecraft:cooked_beef":17,"minecraft:oak_planks":32,"minecraft:crafting_table":1,"minecraft:wooden_pickaxe":1,"minecraft:furnace":1,"minecraft:stone_axe":1,"minecraft:cooked_mutton":3,"minecraft:air":0,"minecraft:shield":1,"minecraft:stick":28,"minecraft:iron_ingot":12,"minecraft:iron_pickaxe":1,"minecraft:stone_pickaxe":1,"minecraft:wooden_axe":1,"minecraft:iron_leggings":1,"minecraft:torch":68}},"DataVersion":3700}