{"stats":{"minecraft:custom":{"minecraft:interact_with_furnace":18,"minecraft:mob_kills":26,"minecraft:interact_with_crafting_table":11,"minecraft:leave_game":2,"minecraft:time_since_death":39208,"minecraft:time_since_rest":39232,"minecraft:sprint_one_cm":124510,"minecraft:damage_taken":742,"minecraft:walk_one_cm":83414,"minecraft:damage_blocked_by_shield":555,"minecraft:drop":3,"minecraft:damage_dealt":3582,"minecraft:swim_one_cm":4529,"minecraft:fly_one_cm":141634,"minecraft:open_chest":1,"minecraft:crouch_one_cm":16510,"minecraft:play_time":41597,"minecraft:deaths":1,"minecraft:sneak_time":5275,"minecraft:walk_under_water_one_cm":6261,"minecraft:jump":1004,"minecraft:walk_on_water_one_cm":3671,"minecraft:total_world_time":41597,"minecraft:fall_one_cm":34413},"minecraft:picked_up":{"minecraft:wooden_axe":1,"minecraft:crafting_table":7,"minecraft:feather":2,"minecraft:chicken":1,"minecraft:andesite":5,"minecraft:leather":6,"minecraft:wooden_pickaxe":1,"minecraft:gold_block":1,"minecraft:oak_log":23,"minecraft:chainmail_chestplate":1,"minecraft:lapis_lazuli":68,"minecraft:dirt":5,"minecraft:string":3,"minecraft:bone":4,"minecraft:cobbled_deepslate":2,"minecraft:raw_gold":1,"minecraft:beef":17,"minecraft:egg":1,"minecraft:furnace":2,"biomesoplenty:toadstool":2,"minecraft:stick":1,"minecraft:raw_iron":69,"minecraft:dripstone_block":1,"minecraft:arrow":9,"minecraft:rotten_flesh":3,"minecraft:emerald":3,"minecraft:mutton":5,"minecraft:coal":56,"minecraft:white_wool":3,"minecraft:cobblestone":55},"minecraft:killed":{"minecraft:spider":1,"minecraft:sheep":3,"minecraft:skeleton":6,"minecraft:zombie":7,"minecraft:chicken":1,"minecraft:cow":8},"minecraft:broken":{"minecraft:wooden_axe":1},"minecraft:used":{"minecraft:cooked_mutton":3,"minecraft:stone_pickaxe":99,"minecraft:wooden_pickaxe":16,"minecraft:shield":9,"minecraft:torch":35,"minecraft:dirt":5,"minecraft:mutton":2,"minecraft:crafting_table":8,"minecraft:wooden_axe":45,"minecraft:iron_pickaxe":91,"minecraft:stone_axe":26,"minecraft:cobblestone":38,"minecraft:furnace":2,"minecraft:andesite":5,"minecraft:cooked_beef":4,"minecraft:iron_leggings":1},"minecraft:dropped":{"minecraft:wooden_axe":1,"minecraft:wooden_pickaxe":2},"minecraft:killed_by":{"minecraft:player":1},"minecraft:mined":{"minecraft:crafting_table":7,"minecraft:short_grass":1,"minecraft:emerald_ore":3,"minecraft:grass_block":2,"minecraft:cobblestone":1,"minecraft:deepslate_gold_ore":1,"minecraft:lapis_ore":5,"minecraft:furnace":2,"biomesoplenty:toadstool":2,"minecraft:iron_ore":51,"minecraft:andesite":5,"minecraft:deepslate_lapis_ore":7,"minecraft:gold_block":1,"minecraft:oak_log":23,"minecraft:coal_ore":56,"minecraft:deepslate_iron_ore":18,"minecraft:dripstone_block":1,"minecraft:dirt":3,"minecraft:stone":53,"minecraft:oak_leaves":5,"minecraft:deepslate":2},"minecraft:crafted":{"minecraft:cooked_beef":17,"minecraft:oak_planks":28,"minecraft:crafting_table":1,"minecraft:wooden_pickaxe":1,"minecraft:furnace":1,"minecraft:stone_axe":1,"minecraft:cooked_mutton":3,"minecraft:air":0,"minecraft:shield":1,"minecraft:stick":20,"minecraft:iron_ingot":12,"minecraft:iron_pickaxe":1,"minecraft:stone_pickaxe":1,"minecraft:wooden_axe":1,"minecraft:iron_leggings":1,"minecraft:torch":36}},"DataVersion":3700}