{"stats":{"minecraft:killed":{"minecraft:spider":2,"minecraft:skeleton":14,"minecraft:chicken":1,"minecraft:rabbit":4,"minecraft:creeper":1,"minecraft:sheep":5,"minecraft:zombie":23,"minecraft:cow":13},"minecraft:custom":{"minecraft:mob_kills":63,"minecraft:interact_with_crafting_table":25,"minecraft:open_barrel":21,"minecraft:bell_ring":5,"minecraft:leave_game":6,"minecraft:time_since_death":184232,"minecraft:climb_one_cm":6702,"minecraft:sprint_one_cm":630118,"minecraft:walk_one_cm":311071,"minecraft:damage_blocked_by_shield":2540,"minecraft:drop":30,"minecraft:talked_to_villager":6,"minecraft:play_time":186621,"minecraft:deaths":1,"minecraft:sneak_time":8576,"minecraft:walk_under_water_one_cm":28356,"minecraft:boat_one_cm":592807,"minecraft:jump":4473,"minecraft:interact_with_brewingstand":3,"minecraft:walk_on_water_one_cm":26218,"minecraft:total_world_time":186621,"minecraft:interact_with_furnace":35,"minecraft:interact_with_cartography_table":1,"minecraft:interact_with_grindstone":1,"minecraft:sleep_in_bed":8,"minecraft:time_since_rest":6638,"minecraft:damage_taken":2952,"minecraft:damage_absorbed":40,"minecraft:damage_dealt":10270,"minecraft:swim_one_cm":101316,"minecraft:fly_one_cm":927023,"minecraft:open_chest":43,"minecraft:crouch_one_cm":28473,"minecraft:fall_one_cm":147183},"minecraft:dropped":{"minecraft:wheat_seeds":3,"minecraft:lapis_lazuli":4,"minecraft:dripstone_block":8,"minecraft:feather":2,"minecraft:cobblestone":3,"biomesoplenty:thermal_calcite":1,"minecraft:stick":7,"minecraft:wooden_axe":1,"minecraft:iron_axe":1,"biomesoplenty:toadstool":3,"minecraft:furnace":2,"minecraft:kelp":1,"minecraft:iron_nugget":1,"minecraft:pointed_dripstone":1,"minecraft:white_bed":1,"minecraft:pumpkin_seeds":2,"minecraft:filled_map":1,"minecraft:rabbit_hide":2,"minecraft:beetroot_seeds":3,"minecraft:wooden_pickaxe":2,"minecraft:stone_pickaxe":1,"minecraft:raw_gold":1},"minecraft:picked_up":{"minecraft:wooden_axe":1,"minecraft:crafting_table":10,"minecraft:wheat":14,"minecraft:chicken":1,"minecraft:smithing_table":1,"minecraft:wooden_pickaxe":1,"minecraft:gold_block":1,"minecraft:string":3,"minecraft:iron_axe":1,"minecraft:item_frame":1,"minecraft:cartography_table":1,"minecraft:cobbled_deepslate":25,"minecraft:beef":28,"minecraft:furnace":6,"minecraft:egg":1,"minecraft:stick":3,"minecraft:raw_iron":89,"minecraft:jukebox":1,"minecraft:torch":1,"biomesoplenty:tall_white_lavender":1,"minecraft:pointed_dripstone":1,"minecraft:redstone":47,"minecraft:rotten_flesh":10,"minecraft:arrow":16,"minecraft:hay_block":42,"minecraft:mutton":5,"minecraft:cobblestone":56,"minecraft:white_wool":4,"minecraft:sponge":3,"minecraft:feather":2,"biomesoplenty:thermal_calcite":1,"minecraft:andesite":5,"minecraft:leather":13,"minecraft:tuff":8,"minecraft:oak_log":23,"minecraft:chainmail_chestplate":1,"minecraft:lapis_lazuli":68,"minecraft:dirt":6,"minecraft:bone":14,"minecraft:stone_bricks":2,"minecraft:kelp":1,"minecraft:wheat_seeds":3,"minecraft:raw_gold":1,"minecraft:bell":1,"minecraft:rabbit_hide":2,"minecraft:grindstone":2,"minecraft:fletching_table":1,"minecraft:rabbit":3,"biomesoplenty:toadstool":3,"minecraft:book":12,"minecraft:dripstone_block":8,"minecraft:sand":1,"minecraft:white_bed":4,"minecraft:diamond":11,"minecraft:emerald":3,"minecraft:coal":98},"minecraft:killed_by":{"minecraft:player":1},"minecraft:crafted":{"minecraft:oak_planks":40,"minecraft:furnace":1,"minecraft:cooked_mutton":3,"minecraft:iron_boots":1,"minecraft:iron_axe":1,"minecraft:stone_pickaxe":1,"minecraft:wheat":427,"minecraft:cooked_beef":17,"minecraft:crafting_table":2,"minecraft:wooden_pickaxe":1,"minecraft:hay_block":28,"minecraft:stone_axe":1,"minecraft:bread":63,"minecraft:air":0,"minecraft:iron_chestplate":1,"minecraft:shield":1,"minecraft:stick":36,"minecraft:iron_ingot":34,"minecraft:iron_pickaxe":1,"minecraft:wooden_axe":1,"minecraft:gold_ingot":11,"minecraft:iron_leggings":1,"minecraft:torch":92},"minecraft:broken":{"minecraft:chainmail_chestplate":1,"minecraft:stone_axe":1,"minecraft:wooden_axe":1},"minecraft:used":{"minecraft:shield":37,"minecraft:iron_chestplate":1,"minecraft:torch":124,"minecraft:dirt":6,"minecraft:mutton":2,"minecraft:tuff":8,"minecraft:wooden_axe":45,"minecraft:iron_axe":145,"minecraft:iron_boots":1,"minecraft:furnace":4,"minecraft:cooked_beef":17,"minecraft:cobbled_deepslate":25,"minecraft:iron_leggings":1,"minecraft:cooked_mutton":3,"minecraft:stone_pickaxe":99,"minecraft:wooden_pickaxe":16,"minecraft:golden_apple":2,"minecraft:glow_berries":5,"minecraft:sand":1,"minecraft:crafting_table":12,"minecraft:white_bed":2,"biomesoplenty:tall_white_lavender":1,"minecraft:bread":35,"minecraft:iron_pickaxe":165,"minecraft:stone_axe":66,"minecraft:cobblestone":39,"minecraft:grindstone":1,"minecraft:andesite":5,"minecraft:pumpkin_pie":1},"minecraft:mined":{"minecraft:tuff":5,"minecraft:white_bed":3,"minecraft:deepslate_diamond_ore":10,"minecraft:grass_block":3,"minecraft:spruce_leaves":7,"minecraft:cartography_table":1,"minecraft:hay_block":42,"minecraft:furnace":4,"minecraft:packed_mud":1,"biomesoplenty:toadstool":2,"minecraft:iron_ore":51,"minecraft:cobbled_deepslate":1,"minecraft:andesite":5,"minecraft:fletching_table":1,"minecraft:deepslate_lapis_ore":7,"minecraft:gold_block":1,"minecraft:bell":1,"minecraft:bookshelf":4,"minecraft:deepslate_iron_ore":33,"minecraft:dirt_path":2,"minecraft:iron_bars":1,"minecraft:stone":53,"minecraft:smithing_table":1,"biomesoplenty:maple_log":3,"minecraft:deepslate_redstone_ore":10,"minecraft:light_gray_carpet":3,"minecraft:powder_snow":10,"biomesoplenty:thermal_calcite":1,"minecraft:crafting_table":11,"minecraft:short_grass":8,"minecraft:emerald_ore":3,"minecraft:sponge":3,"minecraft:cobblestone":3,"biomesoplenty:tall_white_lavender":1,"minecraft:lapis_ore":5,"minecraft:deepslate_gold_ore":1,"minecraft:grindstone":2,"minecraft:birch_log":1,"minecraft:ice":10,"minecraft:white_carpet":3,"minecraft:jukebox":1,"minecraft:oak_log":24,"minecraft:coal_ore":56,"biomesoplenty:fir_leaves":4,"minecraft:gravel":1,"minecraft:dripstone_block":2,"minecraft:dirt":4,"minecraft:stone_bricks":2,"minecraft:oak_leaves":8,"minecraft:deepslate":18,"minecraft:fern":5}},"DataVersion":3700}