{"stats":{"minecraft:custom":{"minecraft:interact_with_furnace":34,"minecraft:mob_kills":47,"minecraft:interact_with_crafting_table":21,"minecraft:leave_game":2,"minecraft:time_since_death":75208,"minecraft:time_since_rest":75232,"minecraft:sprint_one_cm":294693,"minecraft:damage_absorbed":40,"minecraft:damage_taken":2057,"minecraft:walk_one_cm":165214,"minecraft:damage_blocked_by_shield":2105,"minecraft:drop":10,"minecraft:damage_dealt":7600,"minecraft:swim_one_cm":7979,"minecraft:fly_one_cm":328766,"minecraft:open_chest":1,"minecraft:crouch_one_cm":21965,"minecraft:play_time":77597,"minecraft:deaths":1,"minecraft:sneak_time":6781,"minecraft:walk_under_water_one_cm":6430,"minecraft:jump":1988,"minecraft:walk_on_water_one_cm":4856,"minecraft:total_world_time":77597,"minecraft:fall_one_cm":75306},"minecraft:picked_up":{"minecraft:wooden_axe":1,"minecraft:crafting_table":10,"minecraft:wheat":14,"minecraft:feather":2,"minecraft:chicken":1,"minecraft:andesite":5,"minecraft:leather":11,"minecraft:wooden_pickaxe":1,"minecraft:gold_block":1,"minecraft:tuff":8,"minecraft:oak_log":23,"minecraft:chainmail_chestplate":1,"minecraft:lapis_lazuli":68,"minecraft:dirt":5,"minecraft:string":3,"minecraft:bone":13,"minecraft:wheat_seeds":3,"minecraft:cobbled_deepslate":24,"minecraft:raw_gold":1,"minecraft:bell":1,"minecraft:beef":27,"minecraft:egg":1,"minecraft:furnace":4,"biomesoplenty:toadstool":3,"minecraft:stick":1,"minecraft:raw_iron":89,"minecraft:torch":1,"minecraft:dripstone_block":8,"minecraft:pointed_dripstone":1,"minecraft:white_bed":1,"minecraft:redstone":47,"minecraft:arrow":15,"minecraft:rotten_flesh":10,"minecraft:diamond":10,"minecraft:hay_block":27,"minecraft:emerald":3,"minecraft:mutton":5,"minecraft:coal":92,"minecraft:white_wool":3,"minecraft:cobblestone":55},"minecraft:killed":{"minecraft:spider":1,"minecraft:creeper":1,"minecraft:sheep":3,"minecraft:skeleton":13,"minecraft:zombie":16,"minecraft:chicken":1,"minecraft:cow":12},"minecraft:broken":{"minecraft:chainmail_chestplate":1,"minecraft:stone_axe":1,"minecraft:wooden_axe":1},"minecraft:used":{"minecraft:cooked_mutton":3,"minecraft:stone_pickaxe":99,"minecraft:wooden_pickaxe":16,"minecraft:shield":33,"minecraft:iron_chestplate":1,"minecraft:glow_berries":5,"minecraft:torch":124,"minecraft:golden_apple":2,"minecraft:dirt":5,"minecraft:mutton":2,"minecraft:crafting_table":11,"minecraft:tuff":3,"minecraft:wooden_axe":45,"minecraft:iron_axe":48,"minecraft:bread":3,"minecraft:iron_pickaxe":152,"minecraft:iron_boots":1,"minecraft:stone_axe":66,"minecraft:cobblestone":38,"minecraft:furnace":4,"minecraft:andesite":5,"minecraft:cooked_beef":17,"minecraft:iron_leggings":1},"minecraft:dropped":{"minecraft:wheat_seeds":3,"minecraft:iron_nugget":1,"minecraft:pointed_dripstone":1,"minecraft:feather":2,"minecraft:cobblestone":3,"minecraft:wooden_axe":1,"minecraft:wooden_pickaxe":2},"minecraft:killed_by":{"minecraft:player":1},"minecraft:mined":{"minecraft:deepslate_redstone_ore":10,"minecraft:tuff":5,"minecraft:white_bed":1,"minecraft:deepslate_diamond_ore":10,"minecraft:crafting_table":10,"minecraft:short_grass":5,"minecraft:emerald_ore":3,"minecraft:grass_block":2,"minecraft:cobblestone":1,"minecraft:deepslate_gold_ore":1,"minecraft:lapis_ore":5,"minecraft:hay_block":27,"minecraft:furnace":4,"biomesoplenty:toadstool":2,"minecraft:iron_ore":51,"minecraft:andesite":5,"minecraft:deepslate_lapis_ore":7,"minecraft:gold_block":1,"minecraft:bell":1,"minecraft:oak_log":23,"minecraft:coal_ore":56,"minecraft:deepslate_iron_ore":33,"minecraft:dripstone_block":2,"minecraft:dirt":3,"minecraft:stone":53,"minecraft:fern":3,"minecraft:oak_leaves":8,"minecraft:deepslate":18},"minecraft:crafted":{"minecraft:cooked_beef":17,"minecraft:oak_planks":40,"minecraft:crafting_table":2,"minecraft:wooden_pickaxe":1,"minecraft:furnace":1,"minecraft:hay_block":28,"minecraft:stone_axe":1,"minecraft:bread":51,"minecraft:cooked_mutton":3,"minecraft:air":0,"minecraft:iron_chestplate":1,"minecraft:iron_boots":1,"minecraft:shield":1,"minecraft:iron_axe":1,"minecraft:stick":36,"minecraft:iron_ingot":34,"minecraft:iron_pickaxe":1,"minecraft:stone_pickaxe":1,"minecraft:wooden_axe":1,"minecraft:iron_leggings":1,"minecraft:torch":92,"minecraft:wheat":391}},"DataVersion":3700}