{"stats":{"minecraft:killed":{"minecraft:zombie":1},"minecraft:picked_up":{"minecraft:rotten_flesh":1,"minecraft:oak_log":11,"minecraft:dirt":2,"minecraft:coal":2,"minecraft:cobblestone":132,"minecraft:crafting_table":1},"minecraft:used":{"minecraft:rotten_flesh":1,"minecraft:stone_axe":3,"minecraft:torch":2,"minecraft:stone_sword":5,"minecraft:cobblestone":4,"minecraft:crafting_table":1,"minecraft:stone_pickaxe":110,"minecraft:wooden_pickaxe":34},"minecraft:custom":{"minecraft:time_since_rest":9223,"minecraft:crouch_one_cm":3031,"minecraft:play_time":9223,"minecraft:sprint_one_cm":12345,"minecraft:damage_taken":165,"minecraft:walk_one_cm":23763,"minecraft:sneak_time":1917,"minecraft:walk_under_water_one_cm":177,"minecraft:mob_kills":1,"minecraft:jump":75,"minecraft:damage_dealt":300,"minecraft:walk_on_water_one_cm":303,"minecraft:time_since_death":9223,"minecraft:total_world_time":9223,"minecraft:interact_with_crafting_table":3,"minecraft:fall_one_cm":1225,"minecraft:fly_one_cm":3601},"minecraft:mined":{"minecraft:short_grass":1,"minecraft:coal_ore":2,"minecraft:grass_block":3,"minecraft:oak_log":10,"minecraft:stone":142,"minecraft:crafting_table":1,"minecraft:oak_leaves":4},"minecraft:crafted":{"minecraft:stone_sword":1,"minecraft:oak_planks":44,"minecraft:torch":8,"minecraft:stone_axe":1,"minecraft:crafting_table":1,"minecraft:stick":16,"minecraft:wooden_pickaxe":1,"minecraft:stone_pickaxe":1}},"DataVersion":3700}