{"stats":{"minecraft:custom":{"minecraft:interact_with_furnace":41,"minecraft:mob_kills":28,"minecraft:interact_with_crafting_table":14,"minecraft:leave_game":5,"minecraft:time_since_death":95271,"minecraft:time_since_rest":95271,"minecraft:sprint_one_cm":417979,"minecraft:damage_taken":1085,"minecraft:walk_one_cm":312628,"minecraft:damage_blocked_by_shield":521,"minecraft:damage_dealt":4713,"minecraft:swim_one_cm":9438,"minecraft:fly_one_cm":149992,"minecraft:open_chest":14,"minecraft:crouch_one_cm":9450,"minecraft:play_time":95271,"minecraft:sneak_time":4467,"minecraft:walk_under_water_one_cm":5844,"minecraft:jump":1501,"minecraft:walk_on_water_one_cm":2461,"minecraft:total_world_time":95271,"minecraft:fall_one_cm":21053},"minecraft:broken":{"minecraft:stone_pickaxe":2,"minecraft:iron_pickaxe":1,"minecraft:wooden_pickaxe":1},"minecraft:used":{"minecraft:cooked_mutton":9,"minecraft:stone_sword":51,"minecraft:stone_pickaxe":374,"minecraft:wooden_pickaxe":59,"minecraft:chest":2,"minecraft:shield":15,"minecraft:cooked_chicken":5,"minecraft:rotten_flesh":9,"minecraft:torch":132,"minecraft:dirt":25,"minecraft:crafting_table":2,"minecraft:carrot":59,"minecraft:wooden_hoe":18,"minecraft:iron_pickaxe":333,"minecraft:gravel":3,"minecraft:stone_axe":63,"minecraft:cobblestone":151,"minecraft:furnace":2,"minecraft:oak_sapling":7,"minecraft:andesite":2,"minecraft:bone_meal":21},"minecraft:picked_up":{"minecraft:crafting_table":1,"minecraft:feather":8,"minecraft:chicken":5,"minecraft:andesite":2,"minecraft:brown_wool":1,"minecraft:oak_log":34,"minecraft:gunpowder":2,"minecraft:amethyst_block":1,"minecraft:dirt":25,"minecraft:lapis_lazuli":30,"minecraft:string":3,"minecraft:bone":8,"minecraft:apple":1,"minecraft:cobbled_deepslate":71,"minecraft:raw_gold":19,"minecraft:calcite":4,"minecraft:light_gray_wool":1,"minecraft:oak_planks":1,"minecraft:egg":1,"minecraft:raw_iron":133,"minecraft:smooth_basalt":5,"minecraft:oak_fence":1,"minecraft:torch":6,"minecraft:gravel":3,"minecraft:diorite":21,"minecraft:carrot":46,"minecraft:redstone":19,"minecraft:arrow":7,"minecraft:rotten_flesh":8,"minecraft:gray_wool":2,"minecraft:oak_sapling":7,"minecraft:mutton":9,"minecraft:coal":177,"minecraft:white_wool":2,"minecraft:rail":2,"minecraft:cobblestone":314},"minecraft:killed":{"minecraft:spider":3,"minecraft:creeper":1,"minecraft:sheep":6,"minecraft:skeleton":5,"minecraft:zombie":8,"minecraft:chicken":5},"minecraft:crafted":{"minecraft:oak_planks":136,"minecraft:crafting_table":1,"minecraft:wooden_pickaxe":1,"minecraft:iron_helmet":1,"minecraft:cooked_chicken":5,"minecraft:furnace":2,"minecraft:copper_ingot":4,"minecraft:bone_meal":21,"minecraft:stone_axe":1,"minecraft:cooked_mutton":9,"minecraft:air":0,"minecraft:iron_boots":1,"minecraft:iron_chestplate":1,"minecraft:wooden_hoe":1,"minecraft:shield":1,"minecraft:stick":52,"minecraft:iron_ingot":74,"minecraft:iron_pickaxe":2,"minecraft:stone_pickaxe":3,"minecraft:stone_sword":1,"minecraft:chest":2,"minecraft:iron_leggings":1,"minecraft:torch":140},"minecraft:mined":{"minecraft:deepslate_redstone_ore":4,"minecraft:crafting_table":1,"minecraft:torch":1,"minecraft:short_grass":2,"minecraft:grass_block":4,"minecraft:calcite":4,"minecraft:cobblestone":26,"minecraft:lapis_ore":2,"minecraft:deepslate_gold_ore":17,"minecraft:oak_planks":1,"minecraft:diorite":21,"minecraft:wall_torch":3,"minecraft:amethyst_block":1,"minecraft:carrots":15,"minecraft:iron_ore":97,"minecraft:andesite":2,"minecraft:deepslate_lapis_ore":2,"minecraft:oak_log":33,"minecraft:coal_ore":177,"minecraft:deepslate_iron_ore":34,"minecraft:gravel":2,"minecraft:smooth_basalt":5,"minecraft:stone":297,"minecraft:gold_ore":2,"minecraft:oak_leaves":9,"minecraft:deepslate":72}},"DataVersion":3700}