{"stats":{"minecraft:custom":{"minecraft:interact_with_furnace":19,"minecraft:mob_kills":19,"minecraft:interact_with_crafting_table":12,"minecraft:leave_game":1,"minecraft:time_since_death":62663,"minecraft:time_since_rest":62663,"minecraft:sprint_one_cm":285994,"minecraft:damage_taken":635,"minecraft:walk_one_cm":224736,"minecraft:damage_blocked_by_shield":251,"minecraft:damage_dealt":2730,"minecraft:swim_one_cm":460,"minecraft:fly_one_cm":85497,"minecraft:open_chest":8,"minecraft:crouch_one_cm":8840,"minecraft:play_time":62663,"minecraft:sneak_time":4213,"minecraft:walk_under_water_one_cm":2825,"minecraft:jump":917,"minecraft:walk_on_water_one_cm":1262,"minecraft:total_world_time":62663,"minecraft:fall_one_cm":11320},"minecraft:picked_up":{"minecraft:crafting_table":1,"minecraft:feather":8,"minecraft:chicken":5,"minecraft:andesite":2,"minecraft:brown_wool":1,"minecraft:oak_log":34,"minecraft:gunpowder":2,"minecraft:string":1,"minecraft:dirt":24,"minecraft:bone":5,"minecraft:apple":1,"minecraft:cobbled_deepslate":1,"minecraft:raw_gold":2,"minecraft:light_gray_wool":1,"minecraft:egg":1,"minecraft:raw_iron":72,"minecraft:oak_fence":1,"minecraft:torch":2,"minecraft:gravel":3,"minecraft:carrot":19,"minecraft:arrow":3,"minecraft:rotten_flesh":4,"minecraft:gray_wool":2,"minecraft:oak_sapling":7,"minecraft:mutton":9,"minecraft:coal":152,"minecraft:rail":2,"minecraft:white_wool":2,"minecraft:cobblestone":236},"minecraft:killed":{"minecraft:creeper":1,"minecraft:sheep":6,"minecraft:skeleton":3,"minecraft:zombie":4,"minecraft:chicken":5},"minecraft:used":{"minecraft:cooked_mutton":8,"minecraft:stone_sword":20,"minecraft:stone_pickaxe":332,"minecraft:shield":7,"minecraft:chest":2,"minecraft:wooden_pickaxe":59,"minecraft:cooked_chicken":5,"minecraft:rotten_flesh":3,"minecraft:torch":83,"minecraft:dirt":24,"minecraft:crafting_table":2,"minecraft:carrot":21,"minecraft:wooden_hoe":12,"minecraft:iron_pickaxe":81,"minecraft:gravel":3,"minecraft:stone_axe":56,"minecraft:cobblestone":120,"minecraft:oak_sapling":7,"minecraft:furnace":2,"minecraft:andesite":2,"minecraft:bone_meal":9},"minecraft:broken":{"minecraft:stone_pickaxe":2,"minecraft:wooden_pickaxe":1},"minecraft:mined":{"minecraft:crafting_table":1,"minecraft:torch":1,"minecraft:short_grass":2,"minecraft:grass_block":3,"minecraft:cobblestone":1,"minecraft:carrots":5,"minecraft:iron_ore":70,"minecraft:andesite":2,"minecraft:oak_log":33,"minecraft:coal_ore":152,"minecraft:gravel":2,"minecraft:stone":244,"minecraft:gold_ore":2,"minecraft:deepslate":1,"minecraft:oak_leaves":9},"minecraft:crafted":{"minecraft:oak_planks":136,"minecraft:crafting_table":1,"minecraft:wooden_pickaxe":1,"minecraft:cooked_chicken":5,"minecraft:furnace":2,"minecraft:bone_meal":15,"minecraft:stone_axe":1,"minecraft:cooked_mutton":9,"minecraft:air":0,"minecraft:iron_boots":1,"minecraft:iron_chestplate":1,"minecraft:wooden_hoe":1,"minecraft:shield":1,"minecraft:stick":52,"minecraft:iron_ingot":26,"minecraft:iron_pickaxe":2,"minecraft:stone_pickaxe":3,"minecraft:stone_sword":1,"minecraft:chest":2,"minecraft:iron_leggings":1,"minecraft:torch":96}},"DataVersion":3700}