{"stats":{"minecraft:custom":{"minecraft:interact_with_furnace":35,"minecraft:mob_kills":25,"minecraft:interact_with_crafting_table":13,"minecraft:leave_game":2,"minecraft:time_since_death":74051,"minecraft:time_since_rest":74051,"minecraft:sprint_one_cm":339496,"minecraft:damage_taken":939,"minecraft:walk_one_cm":257405,"minecraft:damage_blocked_by_shield":386,"minecraft:damage_dealt":4112,"minecraft:swim_one_cm":9438,"minecraft:fly_one_cm":111898,"minecraft:open_chest":12,"minecraft:crouch_one_cm":8878,"minecraft:play_time":74051,"minecraft:sneak_time":4289,"minecraft:walk_under_water_one_cm":5844,"minecraft:jump":1183,"minecraft:walk_on_water_one_cm":2461,"minecraft:total_world_time":74051,"minecraft:fall_one_cm":16688},"minecraft:picked_up":{"minecraft:crafting_table":1,"minecraft:feather":8,"minecraft:chicken":5,"minecraft:andesite":2,"minecraft:brown_wool":1,"minecraft:oak_log":34,"minecraft:gunpowder":2,"minecraft:string":3,"minecraft:dirt":25,"minecraft:bone":5,"minecraft:apple":1,"minecraft:cobbled_deepslate":1,"minecraft:raw_gold":2,"minecraft:light_gray_wool":1,"minecraft:oak_planks":1,"minecraft:egg":1,"minecraft:raw_iron":74,"minecraft:oak_fence":1,"minecraft:torch":3,"minecraft:gravel":3,"minecraft:carrot":30,"minecraft:arrow":3,"minecraft:rotten_flesh":6,"minecraft:gray_wool":2,"minecraft:oak_sapling":7,"minecraft:mutton":9,"minecraft:coal":165,"minecraft:rail":2,"minecraft:white_wool":2,"minecraft:cobblestone":268},"minecraft:killed":{"minecraft:spider":3,"minecraft:creeper":1,"minecraft:sheep":6,"minecraft:skeleton":3,"minecraft:zombie":7,"minecraft:chicken":5},"minecraft:used":{"minecraft:cooked_mutton":9,"minecraft:stone_sword":47,"minecraft:stone_pickaxe":334,"minecraft:shield":13,"minecraft:chest":2,"minecraft:wooden_pickaxe":59,"minecraft:cooked_chicken":5,"minecraft:rotten_flesh":6,"minecraft:torch":96,"minecraft:dirt":25,"minecraft:crafting_table":2,"minecraft:carrot":37,"minecraft:wooden_hoe":18,"minecraft:iron_pickaxe":127,"minecraft:gravel":3,"minecraft:stone_axe":58,"minecraft:cobblestone":147,"minecraft:oak_sapling":7,"minecraft:furnace":2,"minecraft:andesite":2,"minecraft:bone_meal":15},"minecraft:broken":{"minecraft:stone_pickaxe":2,"minecraft:wooden_pickaxe":1},"minecraft:mined":{"minecraft:crafting_table":1,"minecraft:torch":1,"minecraft:short_grass":2,"minecraft:grass_block":4,"minecraft:cobblestone":26,"minecraft:oak_planks":1,"minecraft:wall_torch":1,"minecraft:carrots":10,"minecraft:iron_ore":71,"minecraft:andesite":2,"minecraft:oak_log":33,"minecraft:coal_ore":165,"minecraft:gravel":2,"minecraft:stone":251,"minecraft:gold_ore":2,"minecraft:deepslate":1,"minecraft:oak_leaves":9},"minecraft:crafted":{"minecraft:oak_planks":136,"minecraft:crafting_table":1,"minecraft:iron_helmet":1,"minecraft:wooden_pickaxe":1,"minecraft:cooked_chicken":5,"minecraft:furnace":2,"minecraft:copper_ingot":4,"minecraft:bone_meal":15,"minecraft:stone_axe":1,"minecraft:cooked_mutton":9,"minecraft:air":0,"minecraft:iron_boots":1,"minecraft:iron_chestplate":1,"minecraft:wooden_hoe":1,"minecraft:shield":1,"minecraft:stick":52,"minecraft:iron_ingot":72,"minecraft:iron_pickaxe":2,"minecraft:stone_pickaxe":3,"minecraft:stone_sword":1,"minecraft:chest":2,"minecraft:iron_leggings":1,"minecraft:torch":96}},"DataVersion":3700}