{"stats":{"minecraft:custom":{"minecraft:interact_with_furnace":47,"minecraft:mob_kills":29,"minecraft:interact_with_crafting_table":17,"minecraft:leave_game":6,"minecraft:time_since_death":115213,"minecraft:sleep_in_bed":3,"minecraft:time_since_rest":10114,"minecraft:sprint_one_cm":454264,"minecraft:damage_taken":1157,"minecraft:walk_one_cm":354796,"minecraft:damage_blocked_by_shield":521,"minecraft:drop":2,"minecraft:damage_dealt":4781,"minecraft:swim_one_cm":9438,"minecraft:fly_one_cm":199996,"minecraft:open_chest":27,"minecraft:crouch_one_cm":9787,"minecraft:play_time":115213,"minecraft:sneak_time":4512,"minecraft:walk_under_water_one_cm":5844,"minecraft:jump":1772,"minecraft:walk_on_water_one_cm":2461,"minecraft:total_world_time":115213,"minecraft:fall_one_cm":24480},"minecraft:dropped":{"minecraft:golden_boots":1,"minecraft:wooden_hoe":1},"minecraft:broken":{"minecraft:stone_pickaxe":3,"minecraft:iron_pickaxe":2,"minecraft:wooden_pickaxe":1},"minecraft:used":{"minecraft:cooked_mutton":9,"minecraft:stone_sword":54,"minecraft:iron_shovel":82,"minecraft:stone_pickaxe":394,"minecraft:wooden_pickaxe":59,"minecraft:chest":2,"minecraft:shield":15,"minecraft:cooked_chicken":5,"minecraft:rotten_flesh":9,"minecraft:torch":132,"minecraft:dirt":25,"minecraft:crafting_table":2,"minecraft:carrot":63,"minecraft:wooden_hoe":18,"minecraft:iron_pickaxe":544,"minecraft:gravel":3,"minecraft:stone_axe":64,"minecraft:cobblestone":151,"minecraft:furnace":2,"minecraft:oak_sapling":7,"minecraft:andesite":2,"minecraft:bone_meal":21},"minecraft:picked_up":{"minecraft:crafting_table":2,"minecraft:feather":8,"minecraft:chicken":5,"minecraft:andesite":2,"minecraft:brown_wool":1,"minecraft:oak_log":34,"minecraft:gunpowder":2,"minecraft:amethyst_block":1,"minecraft:dirt":126,"minecraft:lapis_lazuli":30,"minecraft:string":3,"minecraft:bone":8,"minecraft:apple":1,"minecraft:cobbled_deepslate":71,"minecraft:raw_gold":19,"minecraft:calcite":4,"minecraft:light_gray_wool":1,"minecraft:oak_planks":1,"minecraft:egg":1,"minecraft:raw_iron":135,"minecraft:smooth_basalt":5,"minecraft:oak_fence":1,"minecraft:torch":6,"minecraft:gravel":4,"minecraft:diorite":21,"minecraft:carrot":66,"minecraft:redstone":19,"minecraft:arrow":7,"minecraft:rotten_flesh":8,"minecraft:granite":57,"minecraft:gray_wool":2,"minecraft:oak_sapling":7,"minecraft:mutton":9,"minecraft:coal":177,"minecraft:white_wool":2,"minecraft:rail":2,"minecraft:cobblestone":486},"minecraft:killed":{"minecraft:spider":3,"minecraft:creeper":1,"minecraft:phantom":1,"minecraft:sheep":6,"minecraft:skeleton":5,"minecraft:zombie":8,"minecraft:chicken":5},"minecraft:crafted":{"minecraft:oak_planks":136,"minecraft:crafting_table":1,"minecraft:wooden_pickaxe":1,"minecraft:iron_helmet":1,"minecraft:cooked_chicken":5,"minecraft:furnace":2,"minecraft:copper_ingot":4,"minecraft:bone_meal":21,"minecraft:stone_axe":1,"minecraft:cooked_mutton":9,"minecraft:air":0,"minecraft:iron_boots":1,"minecraft:iron_chestplate":1,"minecraft:wooden_hoe":1,"minecraft:shield":1,"minecraft:stick":84,"minecraft:iron_ingot":106,"minecraft:iron_pickaxe":6,"minecraft:stone_pickaxe":3,"minecraft:stone_sword":1,"minecraft:chest":2,"minecraft:iron_shovel":5,"minecraft:iron_leggings":1,"minecraft:torch":140},"minecraft:mined":{"minecraft:deepslate_redstone_ore":4,"minecraft:crafting_table":2,"minecraft:torch":1,"minecraft:granite":57,"minecraft:short_grass":2,"minecraft:grass_block":31,"minecraft:calcite":4,"minecraft:cobblestone":26,"minecraft:lapis_ore":2,"minecraft:deepslate_gold_ore":17,"minecraft:oak_planks":1,"minecraft:diorite":21,"minecraft:wall_torch":3,"minecraft:amethyst_block":1,"minecraft:carrots":31,"minecraft:iron_ore":98,"minecraft:andesite":2,"minecraft:deepslate_lapis_ore":2,"minecraft:oak_log":33,"minecraft:coal_ore":177,"minecraft:deepslate_iron_ore":34,"minecraft:gravel":3,"minecraft:dirt":55,"minecraft:smooth_basalt":5,"minecraft:stone":469,"minecraft:gold_ore":2,"minecraft:oak_leaves":9,"minecraft:deepslate":72}},"DataVersion":3700}